drug_name	n_signals	pct_female	n_unique_aes	mean_abs_lr	total_reports	targets
PREDNISONE	926	70.194	926	1.080	628550	Glucocorticoid receptor
METHOTREXATE	892	48.543	892	0.967	686275	Dihydrofolate reductase
ADALIMUMAB	807	38.166	807	0.879	539426	Tumor necrosis factor
RITUXIMAB	755	66.623	755	1.164	683563	B-lymphocyte antigen CD20
INFLIXIMAB	623	50.401	623	1.089	536319	Tumor necrosis factor
ETANERCEPT	618	42.557	618	0.984	531404	Tumor necrosis factor
TACROLIMUS	572	75.874	572	0.879	78458	Peptidyl-prolyl cis-trans isomerase FKBP1A
PREDNISOLONE	542	82.472	542	0.886	76022	Glucocorticoid receptor
DEXAMETHASONE	537	80.261	537	0.858	69008	Glucocorticoid receptor
METHYLPREDNISOLONE	521	77.159	521	1.156	181085	Glucocorticoid receptor
RISPERIDONE	518	92.857	518	1.168	182301	5-hydroxytryptamine receptor 2A; 5-hydroxytryptamine receptor 2C; D(2) dopamine receptor
TOCILIZUMAB	508	49.409	508	1.186	544873	Interleukin-6 receptor subunit alpha
MYCOPHENOLIC ACID	507	76.331	507	1.112	146088	Inosine-5'-monophosphate dehydrogenase (IMPDH)
OXYCODONE	492	84.959	492	1.332	365911	Mu-type opioid receptor
SECUKINUMAB	456	52.193	456	1.040	283760	Interleukin-17A
PREGABALIN	406	53.941	406	1.006	154608	Voltage-gated calcium channel
DICLOFENAC	401	50.623	401	1.325	344093	Cyclooxygenase
FUROSEMIDE	385	56.883	385	0.966	69732	Solute carrier family 12 member 1
ZOLEDRONIC ACID	376	26.330	376	0.852	60923	Farnesyl pyrophosphate synthase
IBUPROFEN	372	59.409	372	0.917	65382	Cyclooxygenase
LEFLUNOMIDE	370	41.892	370	1.310	366621	Dihydroorotate dehydrogenase (quinone), mitochondrial
RAMIPRIL	368	71.196	368	1.209	124477	Angiotensin-converting enzyme
ABATACEPT	344	45.058	344	1.342	381099	T-lymphocyte activation antigen CD80; T-lymphocyte activation antigen CD86
ARIPIPRAZOLE	342	47.368	342	0.838	47729	5-hydroxytryptamine receptor 1A; 5-hydroxytryptamine receptor 2A; D(2) dopamine receptor
VALPROIC ACID	339	49.263	339	0.851	41662	Succinate-semialdehyde dehydrogenase, mitochondrial
AZATHIOPRINE	337	59.347	337	1.170	123205	Amidophosphoribosyltransferase
OLANZAPINE	336	58.929	336	0.909	50940	5-hydroxytryptamine receptor 2A; 5-hydroxytryptamine receptor 2C; D2-like dopamine receptor
GOLIMUMAB	334	55.689	334	1.376	382592	Tumor necrosis factor
GABAPENTIN	333	34.835	333	1.011	48207	Voltage-gated calcium channel
NAPROXEN	331	54.079	331	1.233	199970	Cyclooxygenase
RANITIDINE	324	93.519	324	1.459	245940	Histamine H2 receptor
OMEPRAZOLE	319	54.232	319	0.895	70606	Potassium-transporting ATPase
LAMOTRIGINE	319	43.574	319	0.987	71736	Sodium channel alpha subunit
SULFASALAZINE	318	46.541	318	1.409	300132	Cyclooxygenase; Polyunsaturated fatty acid 5-lipoxygenase
USTEKINUMAB	314	64.968	314	1.329	242119	Interleukin-12; Interleukin-23
PEMBROLIZUMAB	309	73.139	309	0.866	42711	Programmed cell death protein 1
OMALIZUMAB	306	27.778	306	0.884	66654	Immunoglobulin heavy constant epsilon
DOCETAXEL	304	11.184	304	0.989	87064	Tubulin
HYDROCORTISONE	302	50.662	302	1.439	165025	Glucocorticoid receptor
BEVACIZUMAB	294	55.442	294	0.842	39713	Vascular endothelial growth factor A, long form
LENALIDOMIDE	292	59.589	292	0.761	33331	CRL4(CRBN) E3 ubiquitin ligase
FENTANYL	291	74.570	291	0.936	48172	Mu-type opioid receptor
DUPILUMAB	289	16.955	289	0.763	144936	Interleukin-4 receptor subunit alpha
CLOZAPINE	287	68.641	287	0.913	42825	5-hydroxytryptamine receptor 2A; D(2) dopamine receptor
CLONAZEPAM	285	62.105	285	0.974	62433	GABA-A receptor; anion channel
ONDANSETRON	283	38.869	283	1.045	46773	5-hydroxytryptamine receptor 3A
MYCOPHENOLATE MOFETIL	277	81.227	277	0.904	28183	Inosine-5'-monophosphate dehydrogenase (IMPDH)
APIXABAN	275	58.545	275	0.867	37292	Coagulation factor X
CELECOXIB	274	63.139	274	1.240	168177	Prostaglandin G/H synthase 2
CYTARABINE	274	79.562	274	0.861	28467	DNA polymerase (alpha/delta/epsilon)
ETOPOSIDE	273	79.121	273	0.896	26553	DNA topoisomerase II
CAPECITABINE	270	57.407	270	0.849	44041	Thymidylate synthase
LORAZEPAM	264	62.500	264	0.929	42534	GABA-A receptor; anion channel
BUPRENORPHINE	261	54.023	261	1.104	71932	Kappa-type opioid receptor; Mu-type opioid receptor
SIMVASTATIN	261	52.490	261	0.950	33703	3-hydroxy-3-methylglutaryl-coenzyme A reductase
BUDESONIDE	259	45.174	259	1.090	44534	Glucocorticoid receptor
PACLITAXEL	259	62.548	259	0.876	48973	Tubulin
LEVETIRACETAM	258	45.349	258	0.823	27778	Synaptic vesicle glycoprotein 2A; Voltage-dependent N-type calcium channel subunit alpha-1B
TADALAFIL	258	73.256	258	1.022	56052	cGMP-specific 3',5'-cyclic phosphodiesterase
MEPOLIZUMAB	254	48.425	254	1.066	77613	Interleukin-5
LISINOPRIL	252	84.524	252	0.953	54069	Angiotensin-converting enzyme
DIAZEPAM	250	76.400	250	0.936	39413	GABA-A receptor; anion channel
RIVAROXABAN	243	68.724	243	0.828	40346	Coagulation factor X
LANSOPRAZOLE	240	57.500	240	1.019	74500	Potassium-transporting ATPase
EVEROLIMUS	239	50.628	239	0.754	36072	Peptidyl-prolyl cis-trans isomerase FKBP1A
FLUOROURACIL	239	60.251	239	0.881	28699	Thymidylate synthase
NIVOLUMAB	238	66.807	238	0.828	32750	Programmed cell death protein 1
ALPRAZOLAM	237	75.105	237	0.916	49298	GABA-A receptor; anion channel
DENOSUMAB	234	23.077	234	0.997	69040	Tumor necrosis factor ligand superfamily member 11
VEDOLIZUMAB	233	69.957	233	0.930	50220	Integrin alpha-4/beta-7
DOXYCYCLINE	223	58.744	223	1.273	72757	Collagenase 3; Interstitial collagenase; Matrilysin; Neutrophil collagenase
VALSARTAN	219	49.315	219	0.888	20964	Type-1 angiotensin II receptor
SOMATROPIN	218	62.844	218	0.801	64976	Growth hormone receptor
ISOTRETINOIN	217	9.217	217	0.907	49720	Retinoic acid receptor
APREMILAST	214	66.822	214	1.300	144587	Phosphodiesterase 4
ALLOPURINOL	210	58.571	210	0.982	31258	Xanthine dehydrogenase/oxidase
TOPIRAMATE	200	48.000	200	1.089	52159	Carbonic anhydrase 2; Carbonic anhydrase 4; GABA-A receptor; anion channel; Glutamate receptor ionotropic AMPA; Glutamate receptor ionotropic kainate; Sodium channel alpha subunit
CANDESARTAN	198	52.525	198	1.291	67412	Type-1 angiotensin II receptor
ALEMTUZUMAB	195	73.846	195	0.863	31912	CAMPATH-1 antigen
MIRTAZAPINE	193	56.995	193	0.840	18909	5-hydroxytryptamine receptor 2A; 5-hydroxytryptamine receptor 2C; Adrenergic receptor alpha-2
METHOTREXATE SODIUM	186	8.602	186	0.872	20948	Dihydrofolate reductase
IBRUTINIB	186	64.516	186	0.743	16494	Tyrosine-protein kinase BTK
RIBAVIRIN	181	65.193	181	0.750	28591	Inosine-5'-monophosphate dehydrogenase 1
CARBAMAZEPINE	180	38.889	180	0.946	23460	Sodium channel alpha subunit
DABIGATRAN	176	79.545	176	0.741	27974	Prothrombin
HYDROCHLOROTHIAZIDE	171	40.936	171	0.936	24857	Solute carrier family 12 member 3
TRIAMCINOLONE	170	60.000	170	1.471	63655	Glucocorticoid receptor
INTERFERON BETA-1A	170	12.941	170	0.784	54014	Interferon alpha/beta receptor
BACLOFEN	168	49.405	168	0.956	25615	GABA-B receptor
VENETOCLAX	168	72.024	168	0.775	13784	Apoptosis regulator Bcl-2
TREPROSTINIL	165	32.121	165	0.779	29005	Prostacyclin receptor
SPIRONOLACTONE	162	50.000	162	0.943	16039	Mineralocorticoid receptor
IPILIMUMAB	161	75.776	161	0.777	16765	Cytotoxic T-lymphocyte protein 4
ZOPICLONE	161	60.248	161	1.191	32218	GABA-A receptor; agonist GABA site
PALIPERIDONE	161	85.714	161	0.970	26483	5-hydroxytryptamine receptor 2A; D(2) dopamine receptor
HALOPERIDOL	158	56.329	158	0.850	15731	5-hydroxytryptamine receptor 2A; D2-like dopamine receptor
DAPAGLIFLOZIN	154	59.091	154	0.793	21705	Sodium/glucose cotransporter 2
SEMAGLUTIDE	152	31.579	152	0.760	16845	Glucagon-like peptide 1 receptor
ATEZOLIZUMAB	152	82.895	152	0.822	15288	Programmed cell death 1 ligand 1
METHYLPHENIDATE	147	77.551	147	0.838	23810	Sodium-dependent dopamine transporter; Sodium-dependent noradrenaline transporter
HEPARIN	144	63.889	144	0.938	13547	Antithrombin-III
NATALIZUMAB	141	22.695	141	0.755	50013	Integrin alpha-4/beta-1; Integrin alpha-4/beta-7
ASPIRIN	137	82.482	137	0.828	13523	Cyclooxygenase
RISANKIZUMAB	137	29.927	137	0.712	11434	Interleukin-23
TICAGRELOR	136	79.412	136	0.794	13982	P2Y purinoceptor 12
ECULIZUMAB	136	35.294	136	0.782	10679	Complement C5
ATENOLOL	136	66.176	136	0.882	17447	Beta-1 adrenergic receptor
OCRELIZUMAB	136	28.676	136	0.763	22651	B-lymphocyte antigen CD20
PEMETREXED	133	78.195	133	0.859	12068	Dihydrofolate reductase; Thymidylate synthase; Trifunctional purine biosynthetic protein adenosine-3
EVOLOCUMAB	131	19.084	131	0.776	61153	Proprotein convertase subtilisin/kexin type 9
BETAMETHASONE	130	35.385	130	1.256	25712	Glucocorticoid receptor
POMALIDOMIDE	128	57.031	128	0.725	14830	CRL4(CRBN) E3 ubiquitin ligase
PROPOFOL	128	56.250	128	0.837	10575	GABA-A receptor; anion channel
AMBRISENTAN	125	32.800	125	0.710	23166	Endothelin receptor, ET-A/ET-B
EPINEPHRINE	125	40.800	125	1.025	16339	Adrenergic receptor
MINOXIDIL	125	44.000	125	1.177	67899	Sulfonylurea receptor 2, Kir6.2
PEGINTERFERON ALFA-2A	123	51.220	123	0.785	16418	Interferon alpha/beta receptor
CICLESONIDE	123	34.959	123	1.103	23633	Glucocorticoid receptor
SUNITINIB	122	65.574	122	0.738	12548	Macrophage colony-stimulating factor 1 receptor; Mast/stem cell growth factor receptor Kit; Platelet-derived growth factor receptor alpha; Platelet-derived growth factor receptor beta; Proto-oncogene tyrosine-protein kinase receptor Ret; Receptor-type tyrosine-protein kinase FLT3; Vascular endothelial growth factor receptor 1; Vascular endothelial growth factor receptor 2; Vascular endothelial growth factor receptor 3
LIDOCAINE	118	19.492	118	0.931	10338	Sodium channel alpha subunit
NICOTINE	117	24.786	117	0.824	14326	Neuronal acetylcholine receptor; alpha4/beta2
CARVEDILOL	112	52.679	112	0.808	7857	Adrenergic receptor alpha-1; Adrenergic receptor beta
CLONIDINE	111	60.360	111	1.143	21943	Adrenergic receptor alpha-2
AZACITIDINE	111	79.279	111	0.808	9011	DNA (cytosine-5)-methyltransferase 1; DNA (cytosine-5)-methyltransferase 3A
OXCARBAZEPINE	108	47.222	108	0.821	9762	Sodium channel alpha subunit
DARATUMUMAB	108	76.852	108	0.787	9550	ADP-ribosyl cyclase/cyclic ADP-ribose hydrolase 1
MIDAZOLAM	107	62.617	107	0.911	10136	GABA-A receptor; anion channel
PEGFILGRASTIM	104	46.154	104	0.831	30443	Granulocyte colony-stimulating factor receptor
BOSENTAN	104	33.654	104	0.813	10687	Endothelin receptor, ET-A/ET-B
SARILUMAB	103	58.252	103	1.294	73453	Interleukin-6 receptor subunit alpha
DAUNORUBICIN	102	72.549	102	0.884	8162	DNA topoisomerase 2-alpha
DARBEPOETIN ALFA	102	44.118	102	1.046	12052	Erythropoietin receptor
RITONAVIR	102	42.157	102	0.872	10573	Cytochrome P450 3A
VINCRISTINE SULFATE	101	81.188	101	0.869	6922	Tubulin
LIRAGLUTIDE	101	13.861	101	0.978	8665	Glucagon-like peptide 1 receptor
BASILIXIMAB	101	88.119	101	0.965	7836	Interleukin-2 receptor
TRASTUZUMAB	101	30.693	101	1.325	38844	Receptor tyrosine-protein kinase erbB-2
ANAKINRA	100	48.000	100	1.144	18802	Interleukin-1 receptor type 1
HYDROXYCHLOROQUINE SULFATE	99	28.283	99	1.350	34800	Toll-like receptor 7; Toll-like receptor 9
LACOSAMIDE	98	48.980	98	0.797	8025	Sodium channel alpha subunit
IRBESARTAN	97	43.299	97	0.997	12543	Type-1 angiotensin II receptor
EMPAGLIFLOZIN	96	60.417	96	0.765	8763	Sodium/glucose cotransporter 2
MERCAPTOPURINE	96	69.792	96	0.842	6351	Amidophosphoribosyltransferase
TIRZEPATIDE	95	8.421	95	0.703	25182	Gastric inhibitory polypeptide receptor; Glucagon-like peptide 1 receptor
NALTREXONE	95	49.474	95	0.769	18189	Opioid receptors; mu/kappa/delta
MACITENTAN	95	54.737	95	0.724	11454	Endothelin receptor, ET-A/ET-B
EZETIMIBE	94	40.426	94	0.889	7645	NPC1-like intracellular cholesterol transporter 1
MIRABEGRON	94	75.532	94	1.187	31844	Beta-3 adrenergic receptor
CARFILZOMIB	93	69.892	93	0.797	7325	26S proteasome
FILGRASTIM	93	44.086	93	0.893	7357	Granulocyte colony-stimulating factor receptor
EXENATIDE	92	39.130	92	0.715	22354	Glucagon-like peptide 1 receptor
GLICLAZIDE	91	76.923	91	1.101	12565	Sulfonylurea receptor 1, Kir6.2
IXAZOMIB	90	66.667	90	0.738	8897	26S proteasome
DOMPERIDONE	89	60.674	89	1.497	26420	D(2) dopamine receptor
SIROLIMUS	89	70.787	89	0.913	8460	Peptidyl-prolyl cis-trans isomerase FKBP1A
ACETAMINOPHEN	89	65.169	89	1.134	20287	Cyclooxygenase; Fatty-acid amide hydrolase 1; Transient receptor potential cation channel subfamily V member 1
PHENYTOIN	88	60.227	88	0.738	5855	Sodium channel alpha subunit
OXAZEPAM	88	64.773	88	1.044	15297	GABA-A receptor; anion channel
MELOXICAM	87	59.770	87	0.929	14551	Prostaglandin G/H synthase 2
MORPHINE SULFATE	86	12.791	86	0.928	7786	Mu-type opioid receptor
TERIPARATIDE	84	17.857	84	0.758	31560	Parathyroid hormone/parathyroid hormone-related peptide receptor
APREPITANT	83	63.855	83	1.324	21867	Substance-P receptor
VARENICLINE	83	16.867	83	0.812	8083	Neuronal acetylcholine receptor; alpha4/beta2
IXEKIZUMAB	82	17.073	82	0.769	6161	Interleukin-17A
THEOPHYLLINE	80	30.000	80	1.230	10727	Adenosine receptor; Phosphodiesterase 3; Phosphodiesterase 4
FELODIPINE	79	7.595	79	1.301	15738	Mineralocorticoid receptor; Voltage-gated L-type calcium channel
TRAMETINIB	79	55.696	79	0.708	5239	Dual specificity mitogen-activated protein kinase kinase; MEK1/2
DASATINIB	79	59.494	79	0.744	5452	Bcr/Abl fusion protein
DESOXIMETASONE	79	43.038	79	1.880	117813	Glucocorticoid receptor
TEDUGLUTIDE	78	55.128	78	0.751	7408	Glucagon-like peptide 2 receptor
DEXLANSOPRAZOLE	78	51.282	78	1.085	10511	Potassium-transporting ATPase
DULAGLUTIDE	77	27.273	77	0.735	9143	Glucagon-like peptide 1 receptor
TERIFLUNOMIDE	77	7.792	77	0.784	20243	Dihydroorotate dehydrogenase (quinone), mitochondrial
RIVASTIGMINE	74	37.838	74	0.747	7290	Cholinesterases; ACHE & BCHE
OBINUTUZUMAB	74	71.622	74	0.821	5609	B-lymphocyte antigen CD20
COLCHICINE	74	79.730	74	0.881	5736	Tubulin
TELMISARTAN	73	50.685	73	0.907	7027	Type-1 angiotensin II receptor
CETUXIMAB	72	56.944	72	0.791	6299	Epidermal growth factor receptor
TEMAZEPAM	71	50.704	71	1.096	12378	GABA-A receptor; anion channel
BUPIVACAINE	71	18.310	71	0.878	5969	Sodium channel protein type 4 subunit alpha
DIGOXIN	70	44.286	70	0.794	9570	Sodium/potassium-transporting ATPase
REGORAFENIB	70	74.286	70	0.785	5668	Angiopoietin-1 receptor; Discoidin domain-containing receptor 2; Ephrin type-A receptor 2; Fibroblast growth factor receptor 1; Fibroblast growth factor receptor 2; High affinity nerve growth factor receptor; Mast/stem cell growth factor receptor Kit; Mitogen-activated protein kinase 11; Platelet-derived growth factor receptor; Proto-oncogene tyrosine-protein kinase receptor Ret; RAF proto-oncogene serine/threonine-protein kinase; Serine/threonine-protein kinase B-raf; Tyrosine-protein kinase ABL1; Tyrosine-protein kinase FRK; Vascular endothelial growth factor receptor
INTERFERON BETA-1B	70	5.714	70	0.757	10488	Interferon alpha/beta receptor
CANAGLIFLOZIN	69	60.870	69	0.835	13855	Sodium/glucose cotransporter 2
MELATONIN	68	30.882	68	1.465	10102	Melatonin receptor
BROMAZEPAM	68	52.941	68	0.806	5743	Gamma-aminobutyric acid receptor subunit alpha-2
SELEXIPAG	68	25.000	68	0.737	9130	Prostacyclin receptor
CANAKINUMAB	68	26.471	68	1.118	8363	Interleukin-1 beta
METHYLPREDNISOLONE SODIUM SUCCINATE	68	91.176	68	0.893	6084	Glucocorticoid receptor
ERENUMAB	68	79.412	68	1.109	60536	Calcitonin gene-related peptide type 1 receptor
DICLOFENAC SODIUM	67	26.866	67	1.134	13275	Cyclooxygenase
OLMESARTAN	67	49.254	67	0.895	7031	Type-1 angiotensin II receptor
OXYCODONE HYDROCHLORIDE	67	59.701	67	0.942	7273	Mu-type opioid receptor
OFATUMUMAB	67	11.940	67	0.863	8347	B-lymphocyte antigen CD20
CLOBAZAM	64	34.375	64	0.839	5944	GABA-A receptor; anion channel
VEMURAFENIB	64	60.938	64	0.740	4553	Serine/threonine-protein kinase B-raf
AXITINIB	64	59.375	64	0.782	8337	Vascular endothelial growth factor receptor
PEGINTERFERON ALFA-2B	64	54.688	64	0.726	6892	Interferon alpha/beta receptor
ATORVASTATIN CALCIUM	63	19.048	63	0.760	4687	3-hydroxy-3-methylglutaryl-coenzyme A reductase
THALIDOMIDE	62	74.194	62	0.805	3663	CRL4(CRBN) E3 ubiquitin ligase
INDAPAMIDE	62	53.226	62	0.986	6117	Solute carrier family 12 member 3
ALTEPLASE	62	72.581	62	0.738	5997	Tissue-type plasminogen activator
AXICABTAGENE CILOLEUCEL	62	93.548	62	0.798	8488	B-lymphocyte antigen CD19
RANIBIZUMAB	62	41.935	62	0.797	5060	Vascular endothelial growth factor A, long form
OXYBUTYNIN	62	14.516	62	1.290	11937	Muscarinic acetylcholine receptor M2; Muscarinic acetylcholine receptor M3
BRENTUXIMAB VEDOTIN	61	73.770	61	0.789	4545	Tubulin; Tumor necrosis factor receptor superfamily member 8
ESOMEPRAZOLE MAGNESIUM	61	45.902	61	0.799	6382	Potassium-transporting ATPase
DURVALUMAB	61	85.246	61	0.881	3315	Programmed cell death 1 ligand 1
NIFEDIPINE	60	30.000	60	0.861	4618	Voltage-gated L-type calcium channel
KETOPROFEN	59	66.102	59	1.211	10727	Cyclooxygenase
METFORMIN HYDROCHLORIDE	59	50.847	59	0.722	3394	Glycerol-3-phosphate dehydrogenase, mitochondrial; Mitochondrial complex I (NADH dehydrogenase)
SUMATRIPTAN	57	21.053	57	0.889	9694	5-hydroxytryptamine receptor 1B; 5-hydroxytryptamine receptor 1D
AFLIBERCEPT	57	40.351	57	0.751	4951	Placenta growth factor; Vascular endothelial growth factor A, long form
FENOFIBRATE	57	40.351	57	0.837	3845	Peroxisome proliferator-activated receptor alpha
CHLORPROMAZINE	57	61.404	57	0.978	4798	5-hydroxytryptamine receptor 2A; D2-like dopamine receptor
ALIROCUMAB	53	16.981	53	0.812	5176	Proprotein convertase subtilisin/kexin type 9
PERTUZUMAB	53	7.547	53	2.135	17772	Receptor tyrosine-protein kinase erbB-2
OSIMERTINIB	53	71.698	53	0.749	3873	Epidermal growth factor receptor
PANITUMUMAB	52	73.077	52	0.776	4574	Epidermal growth factor receptor
FAMOTIDINE	52	21.154	52	0.849	3570	Histamine H2 receptor
AMISULPRIDE	52	59.615	52	0.965	4395	Dopamine receptors; D2 & D3; Serotonin (5-HT) receptor
AVAPRITINIB	52	11.538	52	0.643	4901	Mast/stem cell growth factor receptor Kit; Platelet-derived growth factor receptor alpha
CYCLOSPORINE	52	51.923	52	0.810	4211	Peptidyl-prolyl cis-trans isomerase A
DROXIDOPA	50	62.000	50	0.763	5766	Adrenergic receptor
QUETIAPINE FUMARATE	50	52.000	50	0.880	4751	5-hydroxytryptamine receptor 2A; 5-hydroxytryptamine receptor 2C; D(2) dopamine receptor
RANITIDINE HYDROCHLORIDE	50	100.000	50	0.791	13481	Histamine H2 receptor
RIOCIGUAT	49	61.224	49	0.691	4723	Soluble guanylate cyclase
LORATADINE	48	39.583	48	0.813	4098	Histamine H1 receptor
BLINATUMOMAB	48	60.417	48	0.823	4358	B-lymphocyte antigen CD19; T cell surface glycoprotein CD3
SIPONIMOD	48	4.167	48	0.888	4986	Sphingosine 1-phosphate receptor 1
LATANOPROST	47	31.915	47	0.757	8915	Prostaglandin F2-alpha receptor
ROSIGLITAZONE	47	93.617	47	0.701	28486	Peroxisome proliferator-activated receptor gamma
MIFEPRISTONE	47	0.000	47	1.070	6014	Glucocorticoid receptor; Progesterone receptor
TESTOSTERONE	46	73.913	46	2.020	20090	Androgen receptor
TISAGENLECLEUCEL	46	89.130	46	0.765	4630	B-lymphocyte antigen CD19
DESVENLAFAXINE	46	10.870	46	0.830	3926	Sodium-dependent noradrenaline transporter; Sodium-dependent serotonin transporter
PEGINTERFERON BETA-1A	46	0.000	46	0.752	8004	Interferon alpha/beta receptor
LOXAPINE	45	66.667	45	0.984	3681	5-hydroxytryptamine receptor 2A; 5-hydroxytryptamine receptor 2C; D2-like dopamine receptor
OLAPARIB	44	50.000	44	0.946	12250	PARP 1, 2 and 3
RAVULIZUMAB	44	20.455	44	0.741	3879	Complement C5
ROTIGOTINE	44	20.455	44	0.715	2714	D2-like dopamine receptor
BREXPIPRAZOLE	43	32.558	43	0.781	3284	5-hydroxytryptamine receptor 1A; 5-hydroxytryptamine receptor 2A; D(2) dopamine receptor
BIMATOPROST	43	34.884	43	0.848	10020	Prostaglandin F2-alpha receptor
CORTICOTROPIN	43	16.279	43	0.702	2908	Adrenocorticotropic hormone receptor
LINAGLIPTIN	42	52.381	42	0.804	5496	Dipeptidyl peptidase 4
LEVODOPA	42	73.810	42	0.760	2057	D(3) dopamine receptor
FEBUXOSTAT	42	83.333	42	0.858	2675	Xanthine dehydrogenase/oxidase
SILDENAFIL CITRATE	42	95.238	42	1.104	3067	cGMP-specific 3',5'-cyclic phosphodiesterase
POLATUZUMAB VEDOTIN	41	80.488	41	0.856	3230	B-cell antigen receptor complex-associated protein beta chain; Tubulin
DOXORUBICIN HYDROCHLORIDE	41	75.610	41	0.823	3180	DNA topoisomerase 2-alpha
LEVOMEPROMAZINE	40	72.500	40	0.954	3042	D2-like dopamine receptor
CALCITRIOL	40	30.000	40	1.586	5437	Vitamin D3 receptor
RAMUCIRUMAB	40	80.000	40	0.844	3243	Vascular endothelial growth factor receptor 2
ISOSORBIDE MONONITRATE	39	64.103	39	0.880	5605	Soluble guanylate cyclase
TRAMADOL HYDROCHLORIDE	39	58.974	39	0.689	3764	Mu-type opioid receptor
CARMUSTINE	39	92.308	39	0.941	2478	Glutathione reductase, mitochondrial
PEGVISOMANT	39	10.256	39	0.863	2012	Growth hormone receptor
CETIRIZINE HYDROCHLORIDE	38	34.211	38	1.131	9549	Histamine H1 receptor
TOLVAPTAN	38	81.579	38	0.735	2824	Vasopressin V2 receptor
PALBOCICLIB	38	47.368	38	0.951	56177	CDK6/cyclin D1; Cyclin-dependent kinase 4/cyclin D1
GUSELKUMAB	38	28.947	38	0.767	2500	Interleukin-23
CRIZOTINIB	38	60.526	38	0.663	1926	ALK tyrosine kinase receptor; EML4-ALK; Hepatocyte growth factor receptor; Macrophage-stimulating protein receptor; NPM/ALK (Nucleophosmin/ALK tyrosine kinase receptor); Proto-oncogene tyrosine-protein kinase ROS
GLIMEPIRIDE	38	81.579	38	0.821	4550	Sulfonylurea receptor 1, Kir6.2
FLUDARABINE PHOSPHATE	37	97.297	37	0.905	1789	DNA polymerase (alpha/delta/epsilon); Ribonucleoside-diphosphate reductase RR1
DOXEPIN	37	29.730	37	1.051	3201	Histamine H1 receptor
EPLERENONE	37	72.973	37	0.896	2749	Mineralocorticoid receptor
VASOPRESSIN	37	67.568	37	1.167	3881	Vasopressin receptor
BARICITINIB	36	25.000	36	0.896	3081	Tyrosine-protein kinase JAK1; Tyrosine-protein kinase JAK2
RANOLAZINE	36	83.333	36	0.782	3737	Sodium channel protein type 4 subunit alpha; Sodium channel protein type 5 subunit alpha
GALCANEZUMAB	36	5.556	36	0.823	11147	Calcitonin gene-related peptide
OZANIMOD	35	5.714	35	0.764	2783	Sphingosine 1-phosphate receptor 5
CAFFEINE	35	80.000	35	1.371	5228	Adenosine receptor
EPOETIN ALFA	35	51.429	35	0.766	1936	Erythropoietin receptor
ROMIPLOSTIM	34	55.882	34	0.941	2424	Thrombopoietin receptor
BINIMETINIB	34	52.941	34	0.723	2253	Dual specificity mitogen-activated protein kinase kinase 1; Dual specificity mitogen-activated protein kinase kinase 2
VIGABATRIN	34	52.941	34	0.741	3242	4-aminobutyrate aminotransferase, mitochondrial
BOSUTINIB	34	52.941	34	0.711	2114	Proto-oncogene tyrosine-protein kinase Src; Tyrosine-protein kinase ABL1; Tyrosine-protein kinase HCK; Tyrosine-protein kinase Lyn
BENRALIZUMAB	33	33.333	33	0.763	2719	Interleukin-5 receptor subunit alpha
TEPROTUMUMAB	33	0.000	33	0.884	3223	Insulin-like growth factor 1 receptor
GILTERITINIB	33	84.848	33	0.818	2385	Receptor-type tyrosine-protein kinase FLT3; Tyrosine-protein kinase receptor UFO
TRETINOIN	32	53.125	32	1.000	3816	Retinoic acid receptor
IVABRADINE	32	43.750	32	0.812	3116	Potassium/sodium hyperpolarization-activated cyclic nucleotide-gated channel 4
ACALABRUTINIB	31	87.097	31	0.690	1381	Tyrosine-protein kinase BTK
VALBENAZINE	31	19.355	31	0.715	1712	Synaptic vesicular amine transporter
ABALOPARATIDE	31	6.452	31	0.886	14087	Parathyroid hormone/parathyroid hormone-related peptide receptor
METOPROLOL SUCCINATE	30	43.333	30	0.734	1865	Beta-1 adrenergic receptor
ACITRETIN	30	30.000	30	0.992	2632	Retinoid receptor
SEVOFLURANE	30	50.000	30	0.907	2013	GABA-A receptor; anion channel; Glycine receptor (alpha-1/beta); Potassium channel subfamily K member 10; Potassium channel subfamily K member 18; Potassium channel subfamily K member 2; Potassium channel subfamily K member 3; Potassium channel subfamily K member 9
AMIODARONE HYDROCHLORIDE	30	53.333	30	0.803	1892	Voltage-gated inwardly rectifying potassium channel KCNH2
ZONISAMIDE	30	66.667	30	0.692	2195	Sodium channel alpha subunit
IDELALISIB	29	79.310	29	0.794	1268	Phosphatidylinositol 4,5-bisphosphate 3-kinase catalytic subunit delta isoform
FENTANYL CITRATE	29	72.414	29	0.718	3344	Mu-type opioid receptor
SCOPOLAMINE	28	39.286	28	1.046	2278	Muscarinic acetylcholine receptor M1
DESLORATADINE	28	50.000	28	0.861	2018	Histamine H1 receptor
VOXELOTOR	28	25.000	28	0.713	1913	Hemoglobin HbA
MODAFINIL	28	7.143	28	0.774	1560	Sodium-dependent dopamine transporter
ISATUXIMAB	28	67.857	28	0.836	1687	ADP-ribosyl cyclase/cyclic ADP-ribose hydrolase 1
LITHIUM CARBONATE	28	64.286	28	0.886	1611	Glycogen synthase kinase-3; Inositol monophosphatase 1
ESKETAMINE	27	33.333	27	0.710	1499	Glutamate [NMDA] receptor
EPTINEZUMAB	27	0.000	27	1.190	4194	Calcitonin gene-related peptide
METHOXY POLYETHYLENE GLYCOL-EPOETIN BETA	27	51.852	27	0.731	4078	Erythropoietin receptor
BRIVARACETAM	27	37.037	27	0.722	1791	Synaptic vesicle glycoprotein 2A
BISOPROLOL FUMARATE	26	42.308	26	0.657	1292	Beta-1 adrenergic receptor
BUMETANIDE	26	46.154	26	0.780	1617	Solute carrier family 12 member 1
MONTELUKAST SODIUM	26	34.615	26	0.946	1694	Cysteinyl leukotriene receptor 1
ROSUVASTATIN CALCIUM	26	46.154	26	0.970	1762	3-hydroxy-3-methylglutaryl-coenzyme A reductase
INCLISIRAN	26	34.615	26	0.726	1522	PCSK9 mRNA
PARICALCITOL	25	88.000	25	0.705	1567	Vitamin D3 receptor
IMATINIB MESYLATE	25	84.000	25	0.835	1363	Bcr/Abl fusion protein; Mast/stem cell growth factor receptor Kit; Platelet-derived growth factor receptor beta; Tyrosine-protein kinase ABL1
LINACLOTIDE	25	36.000	25	0.695	2242	Guanylyl cyclase C
ENCORAFENIB	25	72.000	25	0.833	1329	Serine/threonine-protein kinase B-raf
VILDAGLIPTIN	25	68.000	25	0.862	1787	Dipeptidyl peptidase 4
PERAMPANEL	25	40.000	25	0.872	1611	Glutamate receptor ionotropic AMPA
DIROXIMEL FUMARATE	25	0.000	25	0.868	3701	Kelch-like ECH-associated protein 1
SERTRALINE HYDROCHLORIDE	24	37.500	24	1.011	1316	Sodium-dependent serotonin transporter
COLLAGENASE CLOSTRIDIUM HISTOLYTICUM	24	66.667	24	0.999	4392	Collagen
METOPROLOL TARTRATE	24	33.333	24	0.775	1058	Beta-1 adrenergic receptor
CANNABIDIOL	24	54.167	24	0.705	1599	Cannabinoid receptor 1
TEMSIROLIMUS	24	95.833	24	0.789	1166	Peptidyl-prolyl cis-trans isomerase FKBP1A
FREMANEZUMAB	23	8.696	23	0.854	4218	Calcitonin gene-related peptide
PHENPROCOUMON	23	78.261	23	0.968	1515	Vitamin K epoxide reductase complex subunit 1
ILOPROST	23	78.261	23	0.674	2475	Prostacyclin receptor
ENFORTUMAB VEDOTIN	23	73.913	23	0.700	1747	Nectin-4; Tubulin
GEMCITABINE HYDROCHLORIDE	23	69.565	23	0.780	1366	DNA polymerase (alpha/delta/epsilon); Ribonucleoside-diphosphate reductase RR1
LIOTHYRONINE	23	13.043	23	1.380	1941	Thyroid hormone receptor
REPAGLINIDE	22	68.182	22	0.777	1746	Sulfonylurea receptor 1, Kir6.2
VOCLOSPORIN	22	13.636	22	0.781	2812	Protein phosphatase 3 catalytic subunit alpha
NITROGLYCERIN	22	27.273	22	0.997	1624	Soluble guanylate cyclase
BELIMUMAB	22	9.091	22	1.279	5959	Tumor necrosis factor ligand superfamily member 13B
PAROXETINE HYDROCHLORIDE	22	22.727	22	0.764	1387	Sodium-dependent serotonin transporter
CLOPIDOGREL BISULFATE	22	86.364	22	0.818	1016	P2Y purinoceptor 12
EPCORITAMAB	22	81.818	22	0.835	2219	B-lymphocyte antigen CD20; T cell surface glycoprotein CD3
TRALOKINUMAB	22	4.545	22	0.817	1951	Interleukin-13
LORLATINIB	22	36.364	22	0.653	1148	ALK tyrosine kinase receptor; EML4-ALK
TAFAMIDIS	22	86.364	22	0.730	1648	Transthyretin
BROLUCIZUMAB	22	40.909	22	0.690	1523	Vascular endothelial growth factor A, long form
DIMENHYDRINATE	22	54.545	22	1.417	4074	Histamine H1 receptor
LUMATEPERONE	22	13.636	22	0.732	1578	5-hydroxytryptamine receptor 2A; D(2) dopamine receptor; Sodium-dependent serotonin transporter
BIMEKIZUMAB	22	31.818	22	0.679	1572	Interleukin-17A; Interleukin-17F
DOFETILIDE	22	54.545	22	0.731	1870	Voltage-gated inwardly rectifying potassium channel KCNH2
TRANEXAMIC ACID	21	38.095	21	0.904	1240	Plasminogen
TREMELIMUMAB	21	85.714	21	0.987	1244	Cytotoxic T-lymphocyte protein 4
ISOSORBIDE DINITRATE	21	66.667	21	0.828	4034	Soluble guanylate cyclase
PROCHLORPERAZINE	21	47.619	21	0.929	2589	D(2) dopamine receptor
PIROXICAM	21	80.952	21	0.969	2388	Cyclooxygenase
ENTACAPONE	21	76.190	21	0.979	1421	Catechol O-methyltransferase
CENEGERMIN	20	0.000	20	0.683	3729	Neurotrophic tyrosine kinase receptor
ADAPALENE	20	25.000	20	0.662	58475	Retinoic acid receptor
COBIMETINIB	20	50.000	20	0.712	845	Dual specificity mitogen-activated protein kinase kinase 1; Dual specificity mitogen-activated protein kinase kinase 2
TRASTUZUMAB DERUXTECAN	20	25.000	20	0.945	5780	DNA topoisomerase 1; Receptor tyrosine-protein kinase erbB-2
WARFARIN SODIUM	20	75.000	20	0.741	1614	Vitamin K epoxide reductase complex subunit 1
VISMODEGIB	20	65.000	20	0.800	4406	Protein smoothened
ERGOCALCIFEROL	20	15.000	20	0.991	1399	Vitamin D3 receptor
CAPTOPRIL	20	20.000	20	0.959	876	Angiotensin-converting enzyme
INOTUZUMAB	20	75.000	20	0.730	1196	B-cell receptor CD22
HYDROMORPHONE HYDROCHLORIDE	20	50.000	20	0.810	1611	Mu-type opioid receptor
RUPATADINE	20	20.000	20	1.942	2644	Histamine H1 receptor; Platelet-activating factor receptor
ETORICOXIB	20	25.000	20	0.886	987	Prostaglandin G/H synthase 2
INOTERSEN	20	100.000	20	0.775	847	Transthyretin mRNA
LIFITEGRAST	20	10.000	20	0.924	4518	Integrin alpha-L/beta-2 (LFA-1)
BELATACEPT	20	95.000	20	0.999	1187	T-lymphocyte activation antigen CD80; T-lymphocyte activation antigen CD86
TETRABENAZINE	20	25.000	20	0.674	2096	Synaptic vesicular amine transporter
SUCRALFATE	19	47.368	19	0.906	2149	Pepsin A
RIPRETINIB	19	31.579	19	0.799	1884	Mast/stem cell growth factor receptor Kit; Platelet-derived growth factor receptor alpha
ALENDRONATE SODIUM	19	36.842	19	1.102	6453	Farnesyl pyrophosphate synthase
DECITABINE	19	78.947	19	0.733	1113	DNA (cytosine-5)-methyltransferase 1; DNA (cytosine-5)-methyltransferase 3A
ATROPINE	19	52.632	19	0.920	1857	Muscarinic acetylcholine receptor M1; Muscarinic acetylcholine receptor M2; Muscarinic acetylcholine receptor M3
AVELUMAB	19	73.684	19	0.680	829	Programmed cell death 1 ligand 1
ESTRADIOL	18	0.000	18	2.805	5752	Estrogen receptor
VALPROATE SODIUM	18	66.667	18	0.725	726	Succinate-semialdehyde dehydrogenase, mitochondrial
SUVOREXANT	18	16.667	18	0.753	695	Orexin receptor
IVACAFTOR	18	33.333	18	0.718	1112	Cystic fibrosis transmembrane conductance regulator
MIDOSTAURIN	18	50.000	18	0.804	1593	Mast/stem cell growth factor receptor Kit; Platelet-derived growth factor receptor; Protein kinase C (PKC); Receptor-type tyrosine-protein kinase FLT3; Vascular endothelial growth factor receptor 2
TELOTRISTAT	18	11.111	18	0.626	1352	Tryptophan 5-hydroxylase
CLOFARABINE	18	66.667	18	0.926	928	DNA polymerase (alpha/delta/epsilon); Ribonucleoside-diphosphate reductase RR1
REGADENOSON	18	38.889	18	0.721	1502	Adenosine receptor A2a
TRASTUZUMAB EMTANSINE	17	0.000	17	1.694	4276	Receptor tyrosine-protein kinase erbB-2; Tubulin
ROFLUMILAST	17	82.353	17	0.872	1107	Phosphodiesterase 4
HEPARIN SODIUM	17	58.824	17	0.803	1048	Antithrombin-III
GLIPIZIDE	17	47.059	17	0.685	1303	Sulfonylurea receptor 1, Kir6.2
LEVOTHYROXINE SODIUM	17	35.294	17	0.939	1527	Thyroid hormone receptor
DRONABINOL	17	47.059	17	0.896	1720	Cannabinoid receptor 1
LETROZOLE	17	17.647	17	1.811	12170	Aromatase
FRUQUINTINIB	16	37.500	16	0.583	1757	Vascular endothelial growth factor receptor
PANTOPRAZOLE SODIUM	16	87.500	16	0.671	875	Potassium-transporting ATPase
DEFIBROTIDE	16	93.750	16	0.874	1136	Adenosine A2 receptor; Adenosine receptor A1; Plasminogen; Prothrombin
MENTHOL	16	31.250	16	1.121	1367	Transient receptor potential cation channel subfamily A member 1; Transient receptor potential cation channel subfamily M member 8
ARMODAFINIL	16	12.500	16	0.705	856	Sodium-dependent dopamine transporter
ALBUTEROL SULFATE	16	12.500	16	0.654	900	Beta-2 adrenergic receptor
FINASTERIDE	15	73.333	15	1.759	5378	3-oxo-5-alpha-steroid 4-dehydrogenase 2
TEZEPELUMAB	15	13.333	15	0.820	760	Thymic stromal lymphopoietin
DEUTETRABENAZINE	15	20.000	15	0.746	834	Synaptic vesicular amine transporter
LECANEMAB	15	13.333	15	0.801	1173	Amyloid-beta precursor protein
ONASEMNOGENE ABEPARVOVEC	15	40.000	15	0.735	983	Survival motor neuron protein
CANDESARTAN CILEXETIL	15	73.333	15	0.792	1074	Type-1 angiotensin II receptor
TIMOLOL	15	46.667	15	0.809	3829	Beta-1 adrenergic receptor; Beta-2 adrenergic receptor
CAPMATINIB	15	13.333	15	0.779	753	Hepatocyte growth factor receptor
ACETAZOLAMIDE	15	46.667	15	1.009	920	Carbonic anhydrase 1; Carbonic anhydrase 12; Carbonic anhydrase 2; Carbonic anhydrase 4
ANASTROZOLE	15	26.667	15	1.597	5194	Aromatase
PERPHENAZINE	15	53.333	15	1.225	1466	D(2) dopamine receptor
PRAZEPAM	15	60.000	15	0.787	857	GABA-A receptor; anion channel
AMANTADINE HYDROCHLORIDE	14	57.143	14	0.900	749	Glutamate [NMDA] receptor
PEXIDARTINIB	14	42.857	14	0.741	1058	Macrophage colony-stimulating factor 1 receptor; Mast/stem cell growth factor receptor Kit; Receptor-type tyrosine-protein kinase FLT3
FLUOXETINE HYDROCHLORIDE	14	42.857	14	0.743	821	Sodium-dependent serotonin transporter
LOXOPROFEN	14	64.286	14	0.703	607	Cyclooxygenase
BILASTINE	14	35.714	14	0.811	815	Histamine H1 receptor
ROFECOXIB	14	21.429	14	1.666	1759	Prostaglandin G/H synthase 2
ALBIGLUTIDE	14	21.429	14	0.623	2861	Glucagon-like peptide 1 receptor
TIAPRIDE	14	92.857	14	0.786	663	D(2) dopamine receptor; D(3) dopamine receptor
DESONIDE	14	28.571	14	1.493	1813	Glucocorticoid receptor
AMINOPHYLLINE	14	42.857	14	1.124	1723	Adenosine receptor; Phosphodiesterase 3; Phosphodiesterase 4
CABERGOLINE	14	14.286	14	0.982	661	D(2) dopamine receptor
BRIGATINIB	14	71.429	14	0.665	783	ALK tyrosine kinase receptor; Epidermal growth factor receptor
FOSTAMATINIB	14	14.286	14	0.633	746	Tyrosine-protein kinase SYK
METOLAZONE	14	78.571	14	0.799	768	Solute carrier family 12 member 3
TRIAZOLAM	14	35.714	14	0.835	1053	GABA-A receptor; anion channel
METHOCARBAMOL	14	28.571	14	1.333	1484	Carbonic anhydrase 1
ONDANSETRON HYDROCHLORIDE	13	15.385	13	0.861	705	5-hydroxytryptamine receptor 3A
DULOXETINE HYDROCHLORIDE	13	15.385	13	0.777	637	Sodium-dependent noradrenaline transporter; Sodium-dependent serotonin transporter
NAPROXEN SODIUM	13	38.462	13	1.125	1342	Cyclooxygenase
ZOLPIDEM TARTRATE	13	53.846	13	0.713	1242	GABA A receptor alpha-1/beta-1/gamma-2
TENECTEPLASE	13	84.615	13	0.836	666	Tissue-type plasminogen activator
ELOTUZUMAB	13	84.615	13	0.709	1045	SLAM family member 7
ALBUTEROL	13	53.846	13	0.744	718	Beta-2 adrenergic receptor
ZIPRASIDONE HYDROCHLORIDE	13	92.308	13	1.091	1725	5-hydroxytryptamine receptor 2A; 5-hydroxytryptamine receptor 2C; D(2) dopamine receptor
MOXONIDINE	13	38.462	13	1.105	723	Nischarin
ACENOCOUMAROL	13	76.923	13	0.889	632	Vitamin K epoxide reductase complex subunit 1
RUCAPARIB	13	38.462	13	1.081	6305	PARP 1, 2 and 3
SPARSENTAN	13	46.154	13	0.686	910	Endothelin-1 receptor; Type-1 angiotensin II receptor
CRISABOROLE	13	0.000	13	0.786	803	Phosphodiesterase 4
ACARBOSE	13	53.846	13	0.807	879	Maltase-glucoamylase; Pancreatic alpha-amylase
CAPSAICIN	13	30.769	13	0.792	1416	Transient receptor potential cation channel subfamily V member 1
GLUCAGON	12	41.667	12	0.918	792	Glucagon receptor
NITRIC OXIDE	12	41.667	12	0.663	703	Soluble guanylate cyclase
CERITINIB	12	66.667	12	0.718	666	ALK tyrosine kinase receptor; EML4-ALK; NPM/ALK (Nucleophosmin/ALK tyrosine kinase receptor)
TASIMELTEON	12	25.000	12	0.742	713	Melatonin receptor
METHYLDOPA	12	8.333	12	1.459	2468	Adrenergic receptor alpha-2
MIDOMAFETAMINE	12	83.333	12	0.894	848	Sodium-dependent dopamine transporter; Sodium-dependent noradrenaline transporter; Sodium-dependent serotonin transporter
ABEMACICLIB	12	8.333	12	1.185	7548	Cyclin-dependent kinase 4; Cyclin-dependent kinase 6
INDOMETHACIN	12	50.000	12	0.740	576	Cyclooxygenase
GEFITINIB	12	50.000	12	0.709	2037	Epidermal growth factor receptor
TRAVOPROST	12	50.000	12	0.652	2990	Prostaglandin F2-alpha receptor
NIRAPARIB	12	66.667	12	1.113	19484	Poly [ADP-ribose] polymerase 1; Poly [ADP-ribose] polymerase 2
VENLAFAXINE HYDROCHLORIDE	12	58.333	12	0.844	706	Sodium-dependent noradrenaline transporter; Sodium-dependent serotonin transporter
NADOLOL	12	25.000	12	1.417	1698	Beta-1 adrenergic receptor; Beta-2 adrenergic receptor
OLMESARTAN MEDOXOMIL	12	41.667	12	0.820	466	Type-1 angiotensin II receptor
RIMEGEPANT	12	0.000	12	0.964	1625	Calcitonin gene-related peptide type 1 receptor
BRODALUMAB	12	50.000	12	0.663	855	Interleukin-17 receptor A
INTERFERON ALFA-2B	12	41.667	12	0.660	741	Interferon alpha/beta receptor
SELINEXOR	12	66.667	12	0.783	1050	Exportin-1
PRIMIDONE	11	18.182	11	0.765	1040	GABA-A receptor; anion channel; Sodium channel alpha subunit
BRINZOLAMIDE	11	18.182	11	0.761	665	Carbonic anhydrase 2
XYLOMETAZOLINE	11	18.182	11	1.706	1099	Adrenergic receptor alpha
CILTACABTAGENE AUTOLEUCEL	11	72.727	11	0.724	940	Tumor necrosis factor receptor superfamily member 17
AMLODIPINE BESYLATE	11	18.182	11	0.748	441	Voltage-gated L-type calcium channel
ESLICARBAZEPINE	11	27.273	11	0.758	640	Sodium channel alpha subunit
ENOXAPARIN SODIUM	11	54.545	11	0.795	652	Antithrombin-III
ALPELISIB	11	54.545	11	1.182	6900	Phosphatidylinositol 4,5-bisphosphate 3-kinase catalytic subunit alpha isoform
APROTININ	11	90.909	11	1.204	380	Plasma kallikrein; Plasminogen
ROPEGINTERFERON ALFA-2B	11	0.000	11	0.838	509	Interferon alpha/beta receptor
SACITUZUMAB GOVITECAN	11	27.273	11	1.090	3205	DNA topoisomerase 1; Tumor-associated calcium signal transducer 2
DIGITOXIN	11	54.545	11	0.892	543	Sodium/potassium-transporting ATPase
VANDETANIB	11	63.636	11	0.964	538	Angiopoietin-1 receptor; Ephrin receptor; Epidermal growth factor receptor; Protein-tyrosine kinase 6; Proto-oncogene tyrosine-protein kinase Src; Proto-oncogene tyrosine-protein kinase receptor Ret; Vascular endothelial growth factor receptor
ENZALUTAMIDE	10	50.000	10	1.847	20903	Androgen receptor
LOSARTAN POTASSIUM	10	40.000	10	0.659	430	Type-1 angiotensin II receptor
FLUTICASONE PROPIONATE	10	30.000	10	0.937	438	Glucocorticoid receptor
ROMOSOZUMAB	10	10.000	10	0.874	1633	Sclerostin
BUPROPION HYDROCHLORIDE	10	50.000	10	1.103	818	Sodium-dependent dopamine transporter; Sodium-dependent noradrenaline transporter
AVACOPAN	10	50.000	10	0.716	407	C5a anaphylatoxin chemotactic receptor 1
PROGESTERONE	10	10.000	10	2.411	1848	Progesterone receptor
LANADELUMAB	10	20.000	10	0.716	2979	Plasma kallikrein
BECAPLERMIN	10	40.000	10	0.773	651	Platelet-derived growth factor receptor
FARICIMAB	10	50.000	10	0.706	2409	Angiopoietin-2; Vascular endothelial growth factor A, long form
CILOSTAZOL	10	90.000	10	0.659	377	cGMP-inhibited 3',5'-cyclic phosphodiesterase 3A
BELUMOSUDIL	10	50.000	10	0.693	429	Rho-associated protein kinase 2
RIBOCICLIB	10	40.000	10	1.185	10333	Cyclin-dependent kinase 4; Cyclin-dependent kinase 6
SULPIRIDE	10	40.000	10	0.805	489	D(2) dopamine receptor
TRIAMCINOLONE ACETONIDE	9	33.333	9	0.847	495	Glucocorticoid receptor
NEPAFENAC	9	0.000	9	0.706	369	Cyclooxygenase
PENTOXIFYLLINE	9	44.444	9	0.784	359	3',5'-cyclic phosphodiesterase; Adenosine A2 receptor
DIPHENHYDRAMINE HYDROCHLORIDE	9	77.778	9	0.917	926	Histamine H1 receptor
ABROCITINIB	9	11.111	9	0.653	273	Tyrosine-protein kinase JAK1
RILONACEPT	9	0.000	9	0.723	478	Interleukin-1 beta
GEMTUZUMAB OZOGAMICIN	9	66.667	9	0.777	475	Myeloid cell surface antigen CD33
GLOFITAMAB	9	88.889	9	0.740	896	B-lymphocyte antigen CD20; T cell surface glycoprotein CD3
BELANTAMAB MAFODOTIN	9	55.556	9	0.754	777	Tubulin; Tumor necrosis factor receptor superfamily member 17
MAVACAMTEN	9	11.111	9	0.640	319	Cardiac myosin
DOXYCYCLINE HYCLATE	9	0.000	9	0.835	476	Collagenase 3; Interstitial collagenase; Matrilysin; Neutrophil collagenase
TECLISTAMAB	8	62.500	8	0.775	828	T cell surface glycoprotein CD3; Tumor necrosis factor receptor superfamily member 17
TRANDOLAPRIL	8	87.500	8	0.964	439	Angiotensin-converting enzyme
DIPYRIDAMOLE	8	50.000	8	1.796	1269	3',5'-cyclic phosphodiesterase; Equilibrative nucleoside transporter 1
HYDROXYUREA	8	75.000	8	0.686	374	Ribonucleoside-diphosphate reductase RR1
ALFACALCIDOL	8	25.000	8	0.907	371	Vitamin D3 receptor
SELEGILINE	8	12.500	8	0.897	447	Amine oxidase [flavin-containing] B
ESZOPICLONE	8	0.000	8	0.856	344	GABA-A receptor; anion channel
IDECABTAGENE VICLEUCEL	8	100.000	8	0.795	924	Tumor necrosis factor receptor superfamily member 17
DONANEMAB	8	25.000	8	0.686	472	Amyloid-beta precursor protein
ERDAFITINIB	8	75.000	8	0.827	275	Fibroblast growth factor receptor
ISOFLURANE	8	62.500	8	0.957	444	GABA-A receptor; anion channel; Glycine receptor (alpha-1/beta); Potassium channel subfamily K member 10; Potassium channel subfamily K member 18; Potassium channel subfamily K member 2; Potassium channel subfamily K member 3; Potassium channel subfamily K member 9
BREXUCABTAGENE AUTOLEUCEL	8	100.000	8	0.877	1306	B-lymphocyte antigen CD19
ROMIDEPSIN	8	87.500	8	0.727	294	Histone deacetylase
ETHOSUXIMIDE	8	25.000	8	1.009	619	Voltage-gated T-type calcium channel
ESCITALOPRAM OXALATE	8	12.500	8	0.905	368	Sodium-dependent serotonin transporter
DIVALPROEX SODIUM	8	87.500	8	0.717	401	Succinate-semialdehyde dehydrogenase, mitochondrial
DISULFIRAM	8	87.500	8	0.919	313	Aldehyde dehydrogenase, mitochondrial
AMIVANTAMAB	8	25.000	8	0.857	315	Epidermal growth factor receptor; Hepatocyte growth factor receptor
LOVASTATIN	8	62.500	8	0.779	467	3-hydroxy-3-methylglutaryl-coenzyme A reductase
MISOPROSTOL	8	0.000	8	2.804	599	Prostaglandin E2 receptor EP3 subtype
DARIDOREXANT	8	0.000	8	0.663	338	Orexin receptor
ZICONOTIDE	8	37.500	8	0.683	366	Voltage-dependent N-type calcium channel subunit alpha-1B
DEFLAZACORT	8	87.500	8	1.404	555	Glucocorticoid receptor
PARATHYROID HORMONE	8	12.500	8	0.928	735	Parathyroid hormone/parathyroid hormone-related peptide receptor
AGOMELATINE	8	12.500	8	0.983	343	5-hydroxytryptamine receptor 2C; Melatonin receptor
ATOGEPANT	8	0.000	8	0.861	1772	Calcitonin gene-related peptide type 1 receptor
DACLIZUMAB	8	25.000	8	0.877	973	Interleukin-2 receptor
PSEUDOEPHEDRINE HYDROCHLORIDE	8	25.000	8	1.451	1634	Sodium-dependent noradrenaline transporter
RISDIPLAM	8	12.500	8	0.567	526	SMN2 pre-mRNA
CHLORDIAZEPOXIDE	8	87.500	8	0.986	268	GABA-A receptor; anion channel
MARAVIROC	8	100.000	8	1.090	360	C-C chemokine receptor type 5
MEFENAMIC ACID	8	12.500	8	0.926	336	Cyclooxygenase
PREDNISOLONE ACETATE	8	12.500	8	0.727	486	Glucocorticoid receptor
TUCATINIB	7	42.857	7	1.235	3117	Receptor tyrosine-protein kinase erbB-2
DEXRAZOXANE	7	57.143	7	0.967	611	DNA topoisomerase II
AMITRIPTYLINE HYDROCHLORIDE	7	28.571	7	1.104	380	Sodium-dependent noradrenaline transporter; Sodium-dependent serotonin transporter
FINERENONE	7	85.714	7	0.672	413	Mineralocorticoid receptor
DEUCRAVACITINIB	7	0.000	7	0.706	269	Non-receptor tyrosine-protein kinase TYK2
ZOLMITRIPTAN	7	14.286	7	1.620	713	5-hydroxytryptamine receptor 1B; 5-hydroxytryptamine receptor 1D
DALFAMPRIDINE	7	0.000	7	0.707	468	Voltage-gated potassium channel
TRAZODONE HYDROCHLORIDE	7	14.286	7	0.888	250	5-hydroxytryptamine receptor 2A; 5-hydroxytryptamine receptor 2C; Sodium-dependent serotonin transporter
IMIQUIMOD	7	14.286	7	0.705	434	Toll-like receptor 7
ORLISTAT	7	0.000	7	1.066	429	Gastric triacylglycerol lipase; Pancreatic triacylglycerol lipase
ACLIDINIUM BROMIDE	7	100.000	7	0.938	659	Muscarinic acetylcholine receptor M3
PILOCARPINE	7	14.286	7	0.782	560	Muscarinic acetylcholine receptor M1; Muscarinic acetylcholine receptor M3
AMIFAMPRIDINE	7	57.143	7	0.576	371	Voltage-gated potassium channel
LISOCABTAGENE MARALEUCEL	7	85.714	7	0.776	632	B-lymphocyte antigen CD19
METHADONE HYDROCHLORIDE	7	57.143	7	0.592	835	Mu-type opioid receptor
ETELCALCETIDE	7	71.429	7	0.745	414	Extracellular calcium-sensing receptor
TALQUETAMAB	7	42.857	7	0.885	430	G-protein coupled receptor family C group 5 member D; T cell surface glycoprotein CD3
TALAZOPARIB	7	71.429	7	0.826	436	Poly [ADP-ribose] polymerase 1; Poly [ADP-ribose] polymerase 2
FULVESTRANT	6	33.333	6	1.352	6145	Estrogen receptor
LOPERAMIDE HYDROCHLORIDE	6	0.000	6	0.854	315	Mu-type opioid receptor
MOSUNETUZUMAB	6	83.333	6	0.955	345	B-lymphocyte antigen CD20; T cell surface glycoprotein CD3
ZANUBRUTINIB	6	66.667	6	0.703	219	Tyrosine-protein kinase BTK
VIBEGRON	6	16.667	6	0.752	285	Beta-3 adrenergic receptor
ELUXADOLINE	6	16.667	6	0.711	320	Mu-type opioid receptor
DICLOFENAC POTASSIUM	6	0.000	6	1.202	262	Cyclooxygenase
PROPRANOLOL HYDROCHLORIDE	6	66.667	6	0.836	367	Beta-1 adrenergic receptor; Beta-2 adrenergic receptor
ELRANATAMAB	6	100.000	6	0.752	414	T cell surface glycoprotein CD3; Tumor necrosis factor receptor superfamily member 17
PLECANATIDE	6	0.000	6	0.814	354	Guanylyl cyclase C
PRAVASTATIN SODIUM	6	33.333	6	0.764	233	3-hydroxy-3-methylglutaryl-coenzyme A reductase
CITALOPRAM HYDROBROMIDE	6	16.667	6	0.935	451	Sodium-dependent serotonin transporter
PRALSETINIB	6	66.667	6	0.668	259	Coiled-coil domain-containing protein 6/Tyrosine-protein kinase receptor RET; Kinesin-1 heavy chain/ Tyrosine-protein kinase receptor RET; Proto-oncogene tyrosine-protein kinase receptor Ret
SOTATERCEPT	6	50.000	6	0.680	378	Inhibin beta A chain
GRANISETRON	6	16.667	6	0.841	322	5-hydroxytryptamine receptor 3A
MITOTANE	6	0.000	6	0.855	241	Cholesterol side-chain cleavage enzyme, mitochondrial; Cytochrome P450 11B1, mitochondrial
FENOTEROL	6	33.333	6	1.339	295	Beta-2 adrenergic receptor
BENDROFLUMETHIAZIDE	5	40.000	5	1.048	235	Solute carrier family 12 member 3
LEMBOREXANT	5	0.000	5	0.769	177	Orexin receptor type 2; Orexin/Hypocretin receptor type 1
MEPERIDINE HYDROCHLORIDE	5	0.000	5	0.943	442	Mu-type opioid receptor
RILMENIDINE	5	80.000	5	0.890	451	Nischarin
PRUCALOPRIDE	5	0.000	5	0.909	283	5-hydroxytryptamine receptor 4
RUFINAMIDE	5	60.000	5	0.952	260	Sodium channel alpha subunit
TROPICAMIDE	5	40.000	5	0.675	199	Muscarinic acetylcholine receptor M3
CRIZANLIZUMAB	5	60.000	5	0.647	290	P-selectin
ROCURONIUM BROMIDE	5	80.000	5	0.903	382	Muscle-type nicotinic acetylcholine receptor
RITLECITINIB	5	20.000	5	0.898	224	TEC family kinase; Tyrosine-protein kinase JAK3
PITOLISANT	5	0.000	5	0.876	243	Histamine H3 receptor
SELPERCATINIB	5	80.000	5	0.620	277	Coiled-coil domain-containing protein 6/Tyrosine-protein kinase receptor RET; Kinesin-1 heavy chain/ Tyrosine-protein kinase receptor RET; Proto-oncogene tyrosine-protein kinase receptor Ret
RAMELTEON	5	0.000	5	0.629	148	Melatonin receptor
OMEPRAZOLE MAGNESIUM	5	60.000	5	0.719	254	Potassium-transporting ATPase
TAFASITAMAB	5	80.000	5	0.748	295	B-lymphocyte antigen CD19
CARGLUMIC ACID	5	40.000	5	0.826	288	Carbamoyl-phosphate synthase [ammonia], mitochondrial
ASCIMINIB	5	40.000	5	0.607	267	Tyrosine-protein kinase ABL1
ETONOGESTREL	5	0.000	5	5.065	5189	Progesterone receptor
CHLORPROTHIXENE	5	80.000	5	0.692	258	5-hydroxytryptamine receptor 2A; 5-hydroxytryptamine receptor 2C; D(2) dopamine receptor; D(3) dopamine receptor
TEBENTAFUSP	5	40.000	5	0.710	165	Melanocyte protein PMEL
OLARATUMAB	5	40.000	5	0.741	207	Platelet-derived growth factor receptor alpha
METHYLPHENIDATE HYDROCHLORIDE	5	60.000	5	0.760	224	Sodium-dependent dopamine transporter; Sodium-dependent noradrenaline transporter
MOCLOBEMIDE	5	60.000	5	0.871	374	Amine oxidase [flavin-containing] A
EMICIZUMAB	5	80.000	5	1.693	4636	Coagulation factor IX and X
VORINOSTAT	5	60.000	5	0.848	420	Histone deacetylase 1; Histone deacetylase 2; Histone deacetylase 3; Histone deacetylase 6
PIMECROLIMUS	5	0.000	5	0.805	359	Peptidyl-prolyl cis-trans isomerase FKBP1A
MITAPIVAT	4	0.000	4	0.709	131	Pyruvate kinase PKLR
DUTASTERIDE	4	100.000	4	2.750	560	Steroid 5-alpha-reductase
GEMFIBROZIL	4	0.000	4	0.930	235	Peroxisome proliferator-activated receptor alpha
OPICAPONE	4	50.000	4	0.654	187	Catechol O-methyltransferase
CORTISONE ACETATE	4	50.000	4	1.251	1981	Glucocorticoid receptor
ANDEXANET ALFA	4	100.000	4	1.102	268	Tissue factor pathway inhibitor
DILTIAZEM HYDROCHLORIDE	4	75.000	4	1.070	393	Voltage-gated L-type calcium channel
PRALATREXATE	4	75.000	4	0.835	262	Dihydrofolate reductase
SOTORASIB	4	100.000	4	0.963	141	GTPase KRas
LUBIPROSTONE	4	25.000	4	0.844	225	Chloride channel protein 2
FLUNITRAZEPAM	4	100.000	4	0.737	347	GABA-A receptor; anion channel
ETIFOXINE	4	0.000	4	1.026	188	GABA-A receptor; anion channel
FLUOROMETHOLONE	4	25.000	4	0.712	547	Glucocorticoid receptor
SELUMETINIB	4	25.000	4	0.790	218	Dual specificity mitogen-activated protein kinase kinase 1; Dual specificity mitogen-activated protein kinase kinase 2
PROPYLTHIOURACIL	4	0.000	4	1.159	240	Thyroid peroxidase; Type I iodothyronine deiodinase
MOMETASONE FUROATE	4	0.000	4	0.689	231	Glucocorticoid receptor
SUNITINIB MALATE	4	100.000	4	0.817	119	Macrophage colony-stimulating factor 1 receptor; Mast/stem cell growth factor receptor Kit; Platelet-derived growth factor receptor; Proto-oncogene tyrosine-protein kinase receptor Ret; Receptor-type tyrosine-protein kinase FLT3; Vascular endothelial growth factor receptor
MOBOCERTINIB	4	50.000	4	0.663	214	Epidermal growth factor receptor
MIGLUSTAT	4	50.000	4	0.796	180	Ceramide glucosyltransferase
CARBIMAZOLE	4	25.000	4	0.637	143	Thyroid peroxidase
KETOROLAC TROMETHAMINE	4	0.000	4	0.904	134	Cyclooxygenase
EBASTINE	4	0.000	4	0.967	122	Histamine H1 receptor
BIVALIRUDIN	4	100.000	4	1.088	168	Prothrombin
FLUMAZENIL	4	100.000	4	0.830	188	GABA-A receptor; anion channel
DIFLUPREDNATE	4	0.000	4	0.624	270	Glucocorticoid receptor
CEMIPLIMAB	4	75.000	4	0.863	245	Programmed cell death protein 1
OMAVELOXOLONE	4	0.000	4	0.667	152	Nuclear factor erythroid 2-related factor 2
NITISINONE	4	75.000	4	1.167	152	4-hydroxyphenylpyruvate dioxygenase
EXEMESTANE	4	0.000	4	2.609	485	Aromatase
DEXAMETHASONE SODIUM PHOSPHATE	4	25.000	4	0.645	162	Glucocorticoid receptor
ENTRECTINIB	4	50.000	4	0.579	168	ALK tyrosine kinase receptor; Neurotrophic tyrosine kinase receptor; Proto-oncogene tyrosine-protein kinase ROS
LENOGRASTIM	4	100.000	4	1.249	186	Granulocyte colony-stimulating factor receptor
TORSEMIDE	4	25.000	4	0.707	134	Solute carrier family 12 member 1
TIMOLOL MALEATE	4	25.000	4	0.710	1066	Beta-1 adrenergic receptor; Beta-2 adrenergic receptor
IPRATROPIUM BROMIDE	4	0.000	4	0.703	215	Muscarinic acetylcholine receptor M3
ARSENIC TRIOXIDE	4	50.000	4	1.122	117	Thioredoxin reductase 1, cytoplasmic
VERAPAMIL HYDROCHLORIDE	4	100.000	4	0.822	299	Voltage-gated L-type calcium channel
ZAFIRLUKAST	4	0.000	4	1.787	159	Cysteinyl leukotriene receptor 1
LATANOPROSTENE BUNOD	4	0.000	4	0.680	188	Prostaglandin F2-alpha receptor
LAROTRECTINIB	4	25.000	4	0.654	121	Neurotrophic tyrosine kinase receptor
.ALPHA.1-PROTEINASE INHIBITOR HUMAN	4	50.000	4	0.655	192	Neutrophil elastase
ETODOLAC	3	33.333	3	0.820	234	Prostaglandin G/H synthase 2
FEDRATINIB	3	66.667	3	0.830	111	Receptor-type tyrosine-protein kinase FLT3; Tyrosine-protein kinase JAK2
CALCITONIN	3	0.000	3	0.880	325	Calcitonin receptor
DEXTROAMPHETAMINE	3	66.667	3	0.712	152	Sodium-dependent dopamine transporter; Sodium-dependent noradrenaline transporter; Synaptic vesicular amine transporter
DORZOLAMIDE HYDROCHLORIDE	3	0.000	3	0.564	227	Carbonic anhydrase 2
FELBAMATE	3	33.333	3	0.702	182	Glutamate [NMDA] receptor
DOXEPIN HYDROCHLORIDE	3	33.333	3	1.086	84	Sodium-dependent noradrenaline transporter
BEMPEDOIC ACID	3	33.333	3	0.548	160	ATP-citrate synthase
NABUMETONE	3	0.000	3	0.943	83	Prostaglandin G/H synthase 2
CAPLACIZUMAB	3	66.667	3	0.599	263	von Willebrand factor
LUSPATERCEPT	3	66.667	3	0.759	106	Transforming growth factor beta
ESTAZOLAM	3	33.333	3	0.966	81	GABA-A receptor; anion channel
NITRENDIPINE	3	33.333	3	0.777	135	Voltage-gated L-type calcium channel
CHLORPROMAZINE HYDROCHLORIDE	3	66.667	3	1.078	94	5-hydroxytryptamine receptor 2A; D2-like dopamine receptor
ILOPERIDONE	3	33.333	3	1.136	138	5-hydroxytryptamine receptor 2A; D(2) dopamine receptor
FLUOCINONIDE	3	0.000	3	0.818	98	Glucocorticoid receptor
CHLORZOXAZONE	3	0.000	3	1.121	109	Intermediate conductance calcium-activated potassium channel protein 4
OCTREOTIDE ACETATE	3	0.000	3	0.846	67	Somatostatin receptor
NIROGACESTAT	3	33.333	3	0.777	122	Gamma-secretase
CODEINE SULFATE	3	33.333	3	1.397	427	Opioid receptors; mu/kappa/delta
BUTALBITAL	3	100.000	3	0.799	369	GABA-A receptor; anion channel
ATOSIBAN	3	0.000	3	2.841	192	Oxytocin receptor
BETAHISTINE	3	33.333	3	0.731	156	Histamine H1 receptor; Histamine H3 receptor
OXYTOCIN	3	0.000	3	2.276	312	Oxytocin receptor
BELZUTIFAN	3	100.000	3	0.757	203	Endothelial PAS domain-containing protein 1
PENTOSTATIN	3	100.000	3	0.910	88	Adenosine deaminase
DROPERIDOL	3	33.333	3	0.847	85	5-hydroxytryptamine receptor 2A; D2-like dopamine receptor
TILDRAKIZUMAB	3	100.000	3	0.601	167	Interleukin-23
TERBUTALINE SULFATE	3	100.000	3	0.742	213	Beta-2 adrenergic receptor
SATRALIZUMAB	3	0.000	3	0.915	348	IL6Ralpha/GP130
UBROGEPANT	3	0.000	3	1.087	613	Calcitonin gene-related peptide type 1 receptor
PROMETHAZINE HYDROCHLORIDE	3	0.000	3	0.873	80	Histamine H1 receptor
OXYMORPHONE HYDROCHLORIDE	3	100.000	3	0.616	130	Opioid receptors; mu/kappa/delta
PHLOROGLUCINOL	3	0.000	3	1.402	91	Voltage-gated calcium channel
ZOLBETUXIMAB	3	100.000	3	0.770	135	Claudin-18
RESLIZUMAB	3	0.000	3	0.925	145	Interleukin-5
ZALEPLON	3	33.333	3	0.741	182	GABA A receptor alpha-1/beta-1/gamma-2
LASMIDITAN	3	0.000	3	0.758	330	5-hydroxytryptamine receptor 1F
TARLATAMAB	3	66.667	3	0.867	369	Delta-like protein 3; T cell surface glycoprotein CD3
IPTACOPAN	3	66.667	3	0.714	133	Complement factor B
IRINOTECAN HYDROCHLORIDE	3	66.667	3	0.786	95	DNA topoisomerase 1
ENALAPRIL MALEATE	3	66.667	3	0.809	140	Angiotensin-converting enzyme
ELACESTRANT	3	0.000	3	1.124	2675	Estrogen receptor
EFGARTIGIMOD ALFA	3	66.667	3	0.618	156	IgG receptor FcRn large subunit p51
MIDAZOLAM HYDROCHLORIDE	3	100.000	3	0.669	127	GABA-A receptor; anion channel
MEMANTINE HYDROCHLORIDE	3	0.000	3	0.742	118	Glutamate [NMDA] receptor
DEXKETOPROFEN	2	0.000	2	1.159	50	Cyclooxygenase
PATISIRAN	2	50.000	2	0.528	70	Transthyretin mRNA
MARALIXIBAT	2	100.000	2	0.885	93	Ileal sodium/bile acid cotransporter
DESMOPRESSIN ACETATE	2	50.000	2	0.977	78	Vasopressin receptor
ALCAFTADINE	2	0.000	2	0.614	175	Histamine H1 receptor
VINORELBINE TARTRATE	2	0.000	2	0.756	64	Tubulin
CLOTIAZEPAM	2	0.000	2	0.910	104	GABA-A receptor; anion channel
AVATROMBOPAG	2	0.000	2	0.597	94	Thrombopoietin receptor
CLOBETASOL PROPIONATE	2	0.000	2	0.943	46	Glucocorticoid receptor
CHLORTHALIDONE	2	50.000	2	0.762	66	Solute carrier family 12 member 3
ZILUCOPLAN	2	50.000	2	0.787	215	Complement C5
OCRIPLASMIN	2	100.000	2	0.509	209	Collagen; Fibronectin; Laminin
ATROPINE SULFATE	2	0.000	2	0.567	72	Muscarinic acetylcholine receptor M1; Muscarinic acetylcholine receptor M2; Muscarinic acetylcholine receptor M3
MITOXANTRONE HYDROCHLORIDE	2	100.000	2	0.969	67	DNA topoisomerase 2-alpha
ALDESLEUKIN	2	100.000	2	0.556	53	Interleukin-2 receptor
FEXOFENADINE HYDROCHLORIDE	2	0.000	2	1.019	53	Histamine H1 receptor
MECASERMIN	2	50.000	2	0.727	85	Insulin-like growth factor 1 receptor
MEPROBAMATE	2	100.000	2	1.065	282	GABA-A receptor; anion channel
PREDNISOLONE SODIUM PHOSPHATE	2	100.000	2	1.074	48	Glucocorticoid receptor
SUCCINYLCHOLINE CHLORIDE	2	100.000	2	1.166	90	Muscle-type nicotinic acetylcholine receptor
METOCLOPRAMIDE HYDROCHLORIDE	2	50.000	2	0.570	174	5-hydroxytryptamine receptor 3A; 5-hydroxytryptamine receptor 4; D(2) dopamine receptor
DANAZOL	2	50.000	2	0.962	155	Androgen receptor; Progesterone receptor
BELINOSTAT	2	100.000	2	0.674	51	Histone deacetylase
CENOBAMATE	2	0.000	2	0.766	72	GABA-A receptor; anion channel; Sodium channel alpha subunit
PLERIXAFOR	2	50.000	2	0.861	65	C-X-C chemokine receptor type 4
AMSACRINE	2	50.000	2	0.924	53	DNA topoisomerase II
PALONOSETRON HYDROCHLORIDE	2	0.000	2	0.812	53	5-hydroxytryptamine receptor 3A
DESFLURANE	2	100.000	2	0.969	77	GABA-A receptor; anion channel; Glycine receptor (alpha-1/beta); Potassium channel subfamily K member 10; Potassium channel subfamily K member 18; Potassium channel subfamily K member 2; Potassium channel subfamily K member 3; Potassium channel subfamily K member 9
VERICIGUAT	2	50.000	2	0.663	71	Soluble guanylate cyclase
METYRAPONE	2	0.000	2	0.712	66	Cytochrome P450 11B1, mitochondrial
METRELEPTIN	2	0.000	2	0.581	85	Leptin receptor
ORELABRUTINIB	2	100.000	2	0.835	83	Tyrosine-protein kinase BTK
METHIMAZOLE	2	50.000	2	0.833	130	Thyroid peroxidase
ATOMOXETINE HYDROCHLORIDE	2	50.000	2	0.857	78	Sodium-dependent noradrenaline transporter
CAMRELIZUMAB	2	50.000	2	0.859	108	Programmed cell death protein 1
ADUCANUMAB	2	50.000	2	0.550	163	Amyloid-beta precursor protein
TORIPALIMAB	2	100.000	2	0.682	77	Programmed cell death protein 1
EMAPALUMAB	2	100.000	2	1.233	63	Interferon gamma
TOFERSEN	2	0.000	2	0.705	70	SOD1 mRNA
UBLITUXIMAB	2	0.000	2	0.844	44	B-lymphocyte antigen CD20
ETOMIDATE	2	100.000	2	0.847	87	GABA-A receptor; anion channel
GLYBURIDE	2	0.000	2	0.605	108	Sulfonylurea receptor 1, Kir6.2
ALPROSTADIL	2	50.000	2	2.158	1530	Prostaglandin E2 receptor EP1 subtype; Prostaglandin E2 receptor EP2 subtype
RALTITREXED	2	100.000	2	1.140	70	Thymidylate synthase
BETAMETHASONE DIPROPIONATE	2	50.000	2	0.623	342	Glucocorticoid receptor
SILTUXIMAB	2	100.000	2	0.953	80	Interleukin-6
SETMELANOTIDE	2	0.000	2	0.822	85	Melanocortin receptor 4
AMPHETAMINE SULFATE	2	100.000	2	0.834	133	Sodium-dependent dopamine transporter; Sodium-dependent noradrenaline transporter
TAZAROTENE	2	0.000	2	0.741	83	Retinoic acid receptor
INTERFERON ALFA-2A	2	100.000	2	1.177	93	Interferon alpha/beta receptor
LIPEGFILGRASTIM	2	50.000	2	1.327	80	Granulocyte colony-stimulating factor receptor
LEBRIKIZUMAB	2	0.000	2	0.629	68	Interleukin-13
VOGLIBOSE	2	100.000	2	0.727	70	Alpha glucosidase
PACRITINIB	2	100.000	2	0.626	68	Receptor-type tyrosine-protein kinase FLT3; Tyrosine-protein kinase JAK2
NABILONE	2	0.000	2	1.133	222	Cannabinoid receptor 1
PHENTERMINE	2	0.000	2	0.828	60	Sodium-dependent noradrenaline transporter
PEVONEDISTAT	2	100.000	2	0.751	78	NEDD8 activating enzyme
ABIRATERONE	2	100.000	2	2.256	948	Androgen receptor; Steroid 17-alpha-hydroxylase/17,20 lyase; Steroid 5-alpha-reductase
PENTOBARBITAL	2	100.000	2	1.164	127	GABA-A receptor; anion channel
PEMIGATINIB	2	50.000	2	0.723	60	Fibroblast growth factor receptor 1; Fibroblast growth factor receptor 2; Fibroblast growth factor receptor 3
TAFLUPROST	2	50.000	2	0.563	165	Prostaglandin F2-alpha receptor
ECALLANTIDE	2	0.000	2	0.608	616	Plasma kallikrein
DOXYLAMINE SUCCINATE	2	50.000	2	0.841	110	Histamine H1 receptor
TETRAZEPAM	2	0.000	2	0.719	111	GABA-A receptor; anion channel
SINTILIMAB	2	100.000	2	0.791	145	Programmed cell death protein 1
ETRASIMOD ARGININE	2	0.000	2	0.844	116	Sphingosine 1-phosphate receptor 1; Sphingosine 1-phosphate receptor 4; Sphingosine 1-phosphate receptor 5
SINCALIDE	1	0.000	1	1.038	33	Cholecystokinin receptor type A
NICARDIPINE HYDROCHLORIDE	1	100.000	1	0.822	36	Voltage-gated L-type calcium channel
RELUGOLIX	1	100.000	1	3.457	61	Gonadotropin-releasing hormone receptor
SOMATROGON	1	0.000	1	1.059	36	Growth hormone receptor
HALOPERIDOL LACTATE	1	100.000	1	0.541	74	5-hydroxytryptamine receptor 2A; D2-like dopamine receptor
TAPINAROF	1	0.000	1	1.326	40	Aryl hydrocarbon receptor
SILODOSIN	1	100.000	1	1.923	95	Alpha-1A adrenergic receptor
SPESOLIMAB	1	0.000	1	0.645	30	IL36 receptor
FLURAZEPAM HYDROCHLORIDE	1	100.000	1	0.755	56	GABA-A receptor; anion channel
FLURBIPROFEN	1	0.000	1	1.494	25	Cyclooxygenase
TAGRAXOFUSP	1	100.000	1	1.616	22	Elongation factor 2; Interleukin-3 receptor subunit alpha
ARGATROBAN	1	100.000	1	0.762	33	Prothrombin
NECITUMUMAB	1	100.000	1	0.522	44	Epidermal growth factor receptor
PIMOZIDE	1	100.000	1	1.201	22	5-hydroxytryptamine receptor 2A; Dopamine receptor
NALDEMEDINE	1	0.000	1	0.692	41	Mu-type opioid receptor
PHENELZINE SULFATE	1	0.000	1	0.664	52	Monoamine oxidase
NADOFARAGENE FIRADENOVEC	1	0.000	1	1.475	55	Interferon alpha-2
PHENYTOIN SODIUM	1	100.000	1	1.560	49	Sodium channel alpha subunit
MIZORIBINE	1	100.000	1	0.501	38	GMP synthase [glutamine-hydrolyzing]; Inosine-5'-monophosphate dehydrogenase (IMPDH)
SUMATRIPTAN SUCCINATE	1	0.000	1	1.338	34	5-hydroxytryptamine receptor 1B; 5-hydroxytryptamine receptor 1D
NALOXONE HYDROCHLORIDE	1	100.000	1	0.764	33	Opioid receptors; mu/kappa/delta
OXYBUTYNIN CHLORIDE	1	0.000	1	1.012	75	Muscarinic acetylcholine receptor M2; Muscarinic acetylcholine receptor M3
OLUTASIDENIB	1	0.000	1	0.521	47	Isocitrate dehydrogenase [NADP] cytoplasmic
ODEVIXIBAT	1	100.000	1	0.670	32	Ileal sodium/bile acid cotransporter
NORTRIPTYLINE HYDROCHLORIDE	1	0.000	1	1.120	49	Sodium-dependent noradrenaline transporter; Sodium-dependent serotonin transporter
AZATHIOPRINE SODIUM	1	0.000	1	1.430	31	Amidophosphoribosyltransferase
FOMEPIZOLE	1	100.000	1	0.604	42	Alcohol dehydrogenase class I
REPOTRECTINIB	1	0.000	1	0.585	29	BDNF/NT-3 growth factors receptor; CD74-ROS1; High affinity nerve growth factor receptor; NT-3 growth factor receptor; Proto-oncogene tyrosine-protein kinase ROS; ROS1-SDC4
ALIZAPRIDE	1	0.000	1	0.851	29	D(2) dopamine receptor
LEVORPHANOL TARTRATE	1	0.000	1	0.758	27	Mu-type opioid receptor
ROPIVACAINE HYDROCHLORIDE	1	0.000	1	0.553	21	Sodium channel alpha subunit
ROSIGLITAZONE MALEATE	1	100.000	1	0.895	69	Peroxisome proliferator-activated receptor gamma
ROZANOLIXIZUMAB	1	0.000	1	0.545	25	IgG receptor FcRn large subunit p51
BRIMONIDINE TARTRATE	1	0.000	1	0.880	43	Adrenergic receptor alpha-2
SACUBITRIL	1	100.000	1	1.612	47	Neprilysin
SAFINAMIDE	1	0.000	1	0.953	35	Amine oxidase [flavin-containing] B
BUPIVACAINE HYDROCHLORIDE	1	100.000	1	0.580	117	Sodium channel protein type 4 subunit alpha
IDARUBICIN HYDROCHLORIDE	1	100.000	1	0.928	23	DNA topoisomerase 2-alpha
HYDROXYZINE HYDROCHLORIDE	1	100.000	1	0.857	56	Histamine H1 receptor
ISTRADEFYLLINE	1	100.000	1	0.838	27	Adenosine receptor A2a
LEVOSIMENDAN	1	100.000	1	0.606	55	Phosphodiesterase 3; Troponin, cardiac muscle
LEVONORGESTREL	1	0.000	1	4.946	33	Progesterone receptor
SULINDAC	1	100.000	1	0.815	115	Cyclooxygenase
LEUPROLIDE ACETATE	1	100.000	1	1.609	33	Gonadotropin-releasing hormone receptor
LESTAURTINIB	1	100.000	1	1.281	34	BDNF/NT-3 growth factors receptor; High affinity nerve growth factor receptor; NT-3 growth factor receptor; Proto-oncogene tyrosine-protein kinase receptor Ret; Receptor-type tyrosine-protein kinase FLT3; Tyrosine-protein kinase JAK2
RIMEXOLONE	1	0.000	1	0.656	20	Glucocorticoid receptor
LABETALOL HYDROCHLORIDE	1	0.000	1	1.147	25	Adrenergic receptor
BREMELANOTIDE	1	0.000	1	3.721	53	Melanocortin receptor 4
RILUZOLE	1	100.000	1	0.523	61	Sodium channel alpha subunit
PEGINESATIDE	1	100.000	1	0.548	32	Erythropoietin receptor
HYDROCORTISONE ACETATE	1	100.000	1	2.131	352	Glucocorticoid receptor
FUTIBATINIB	1	100.000	1	0.541	21	Fibroblast growth factor receptor
FOSPHENYTOIN SODIUM	1	100.000	1	0.631	31	Sodium channel alpha subunit
GLASDEGIB	1	100.000	1	0.835	67	Protein smoothened
PEGCETACOPLAN	1	0.000	1	0.532	59	Complement C3
DANTROLENE SODIUM	1	100.000	1	0.720	21	Ryanodine receptor 1; Ryanodine receptor 3
AZELASTINE HYDROCHLORIDE	1	0.000	1	0.851	40	Histamine H1 receptor
DEXMEDETOMIDINE HYDROCHLORIDE	1	100.000	1	0.741	21	Adrenergic receptor alpha-2
TIZANIDINE HYDROCHLORIDE	1	0.000	1	0.905	33	Adrenergic receptor alpha-2
TOLTERODINE TARTRATE	1	0.000	1	1.235	30	Muscarinic acetylcholine receptor M2; Muscarinic acetylcholine receptor M3
TOPOTECAN HYDROCHLORIDE	1	0.000	1	0.926	36	DNA topoisomerase 1
CLONIDINE HYDROCHLORIDE	1	0.000	1	0.588	22	Adrenergic receptor alpha-2
CLASCOTERONE	1	100.000	1	0.923	295	Androgen receptor
CIMETIDINE	1	100.000	1	0.558	45	Histamine H2 receptor
CYCLOBENZAPRINE HYDROCHLORIDE	1	0.000	1	1.092	33	5-hydroxytryptamine receptor 2A; 5-hydroxytryptamine receptor 2C
DACOMITINIB	1	0.000	1	0.583	47	Epidermal growth factor receptor; Receptor tyrosine-protein kinase erbB-2; Receptor tyrosine-protein kinase erbB-4
VALDECOXIB	1	0.000	1	0.983	58	Prostaglandin G/H synthase 2
DEXTROMETHORPHAN HYDROBROMIDE	1	100.000	1	0.648	22	Glutamate receptor ionotropic, NMDA 2A; Sigma non-opioid intracellular receptor 1
DEXTROAMPHETAMINE SULFATE	1	0.000	1	0.654	30	Sodium-dependent dopamine transporter; Sodium-dependent noradrenaline transporter; Synaptic vesicular amine transporter
VINBLASTINE SULFATE	1	0.000	1	0.501	30	Tubulin
EPTIFIBATIDE	1	100.000	1	0.577	55	Integrin alpha-IIb/beta-3
FLECAINIDE ACETATE	1	0.000	1	0.883	31	Sodium channel protein type 5 subunit alpha
TESTOSTERONE CYPIONATE	1	100.000	1	3.233	64	Androgen receptor
THIORIDAZINE	1	0.000	1	2.243	161	5-hydroxytryptamine receptor 2A; 5-hydroxytryptamine receptor 2C; D2-like dopamine receptor
TEPOTINIB	1	100.000	1	0.577	30	Hepatocyte growth factor receptor
TEPLIZUMAB	1	0.000	1	1.215	27	T-cell surface glycoprotein CD3 epsilon chain
TENELIGLIPTIN	1	100.000	1	0.768	30	Dipeptidyl peptidase 4
FEZOLINETANT	1	0.000	1	5.744	81	Neuromedin-K receptor
FILGOTINIB	1	0.000	1	0.523	25	Non-receptor tyrosine-protein kinase TYK2; Tyrosine-protein kinase JAK1; Tyrosine-protein kinase JAK2; Tyrosine-protein kinase JAK3
THYROTROPIN ALFA	1	0.000	1	0.769	24	Thyrotropin receptor
TEGAFUR	1	100.000	1	0.773	23	Thymidylate synthase
TERLIPRESSIN	1	0.000	1	0.741	24	Vasopressin V1 receptor; Vasopressin V2 receptor
TISLELIZUMAB	1	100.000	1	0.703	37	Programmed cell death protein 1
ERTUGLIFLOZIN	1	0.000	1	0.561	40	Sodium/glucose cotransporter 2
NIMODIPINE	1	0.000	1	1.347	36	Mineralocorticoid receptor; Voltage-gated L-type calcium channel
MIDODRINE HYDROCHLORIDE	1	0.000	1	0.607	28	Adrenergic receptor alpha-1
AZILSARTAN	1	0.000	1	0.747	30	Type-1 angiotensin II receptor
MIRIKIZUMAB	1	100.000	1	0.734	65	Interleukin-23
LOXAPINE SUCCINATE	1	100.000	1	0.781	39	5-hydroxytryptamine receptor 2A; 5-hydroxytryptamine receptor 2C; D2-like dopamine receptor
BENZYDAMINE	1	0.000	1	2.608	24	Cyclooxygenase
BETAMETHASONE VALERATE	1	100.000	1	1.276	156	Glucocorticoid receptor
BEXAROTENE	1	0.000	1	1.139	71	Retinoid X receptor
LIOTHYRONINE SODIUM	1	0.000	1	2.254	27	Thyroid hormone receptor
BICALUTAMIDE	1	100.000	1	1.337	178	Androgen receptor
QUIZARTINIB	1	0.000	1	0.936	40	Macrophage colony-stimulating factor 1 receptor; Mast/stem cell growth factor receptor Kit; Platelet-derived growth factor receptor; Proto-oncogene tyrosine-protein kinase receptor Ret; Receptor-type tyrosine-protein kinase FLT3
BENZTROPINE MESYLATE	1	100.000	1	0.504	36	Muscarinic acetylcholine receptor M1
PIRTOBRUTINIB	1	100.000	1	0.858	31	Tyrosine-protein kinase BTK
BENAZEPRIL HYDROCHLORIDE	1	0.000	1	0.658	25	Angiotensin-converting enzyme
CAPIVASERTIB	1	0.000	1	1.024	205	Serine/threonine-protein kinase AKT
ANIFROLUMAB	1	0.000	1	0.843	34	Interferon alpha/beta receptor 1
FLUOCINOLONE ACETONIDE	1	0.000	1	0.514	24	Glucocorticoid receptor
CATEQUENTINIB	1	100.000	1	0.716	42	Mast/stem cell growth factor receptor Kit; Platelet-derived growth factor receptor beta; Vascular endothelial growth factor receptor 2; Vascular endothelial growth factor receptor 3
DOXERCALCIFEROL	1	0.000	1	0.865	34	Vitamin D3 receptor
ADAGRASIB	1	100.000	1	0.623	98	GTPase KRas
DONEPEZIL HYDROCHLORIDE	1	0.000	1	1.028	24	Acetylcholinesterase
DINOPROSTONE	1	0.000	1	1.101	45	Prostaglandin E2 receptor
DIAZOXIDE	1	100.000	1	0.595	26	ATP-sensitive inward rectifier potassium channel 11; ATP-sensitive inward rectifier potassium channel 8
EFALIZUMAB	1	100.000	1	1.166	67	Integrin alpha-L/beta-2 (LFA-1)
ADENOSINE	1	0.000	1	0.525	46	Adenosine receptor
ESOMEPRAZOLE SODIUM	1	100.000	1	0.841	44	Potassium-transporting ATPase
MESALAMINE	1	100.000	1	0.651	46	Cyclooxygenase; Peroxisome proliferator-activated receptor gamma; Polyunsaturated fatty acid 5-lipoxygenase
