pathway	total_drugs	sexdiff_drugs	total_signals	pathway_name	sexdiff_fraction
PATHWAY:R-HSA-9679191	423	111	10296	Potential therapeutics for SARS	0.2624113475177305
PATHWAY:R-HSA-416476	548	110	4800	G alpha (q) signalling events	0.20072992700729927
PATHWAY:R-HSA-6785807	448	99	9735	Interleukin-4 and Interleukin-13 signaling	0.22098214285714285
PATHWAY:R-HSA-418594	431	87	3813	G alpha (i) signalling events	0.20185614849187936
PATHWAY:R-HSA-418555	353	74	2956	G alpha (s) signalling events	0.2096317280453258
PATHWAY:R-HSA-4090294	328	69	4735	SUMOylation of intracellular receptors	0.21036585365853658
PATHWAY:R-HSA-383280	335	67	4725	Nuclear Receptor transcription pathway	0.2
PATHWAY:R-HSA-1257604	442	57	1543	PIP3 activates AKT signaling	0.12895927601809956
PATHWAY:R-HSA-6811558	465	57	1543	PI5P, PP2A and IER3 Regulate PI3K/AKT Signaling	0.12258064516129032
PATHWAY:R-HSA-5673001	414	57	1398	RAF/MAP kinase cascade	0.13768115942028986
PATHWAY:R-HSA-3371497	256	56	5043	HSP90 chaperone cycle for steroid hormone receptors (SHR) in the presence of ligand	0.21875
PATHWAY:R-HSA-2219530	405	55	1541	Constitutive Signaling by Aberrant PI3K in Cancer	0.13580246913580246
PATHWAY:R-HSA-8856825	272	51	1669	Cargo recognition for clathrin-mediated endocytosis	0.1875
PATHWAY:R-HSA-8856828	273	51	1669	Clathrin-mediated endocytosis	0.18681318681318682
PATHWAY:R-HSA-6783783	191	49	5768	Interleukin-10 signaling	0.25654450261780104
PATHWAY:R-HSA-375276	219	45	2882	Peptide ligand-binding receptors	0.2054794520547945
PATHWAY:R-HSA-1236394	165	44	2229	Signaling by ERBB4	0.26666666666666666
PATHWAY:R-HSA-6798695	338	41	2930	Neutrophil degranulation	0.12130177514792899
PATHWAY:R-HSA-8939902	149	39	4506	Regulation of RUNX2 expression and activity	0.26174496644295303
PATHWAY:R-HSA-977443	75	35	2069	GABA receptor activation	0.4666666666666667
PATHWAY:R-HSA-9927418	252	34	985	Developmental Lineage of Mammary Gland Luminal Epithelial Cells	0.1349206349206349
PATHWAY:R-HSA-8866910	197	33	1224	TFAP2 (AP-2) family regulates transcription of growth factors and their receptors	0.16751269035532995
PATHWAY:R-HSA-9615017	93	33	3801	FOXO-mediated transcription of oxidative stress, metabolic and neuronal genes	0.3548387096774194
PATHWAY:R-HSA-390651	108	32	2394	Dopamine receptors	0.2962962962962963
PATHWAY:R-HSA-8849473	77	32	3800	PTK6 Expression	0.4155844155844156
PATHWAY:R-HSA-9022699	170	32	1763	MECP2 regulates neuronal receptors and channels	0.18823529411764706
PATHWAY:R-HSA-5576892	114	31	2188	Phase 0 - rapid depolarisation	0.2719298245614035
PATHWAY:R-HSA-390666	130	31	2386	Serotonin receptors	0.23846153846153847
PATHWAY:R-HSA-9768777	75	30	3786	Regulation of NPAS4 gene transcription	0.4
PATHWAY:R-HSA-2162123	81	28	2269	Synthesis of Prostaglandins (PG) and Thromboxanes (TX)	0.345679012345679
PATHWAY:R-HSA-9027604	77	28	2269	Biosynthesis of electrophilic ω-3 PUFA oxo-derivatives	0.36363636363636365
PATHWAY:R-HSA-9018677	75	28	2269	Biosynthesis of DHA-derived SPMs	0.37333333333333335
PATHWAY:R-HSA-9025094	74	28	2269	Biosynthesis of DPAn-3 SPMs	0.3783783783783784
PATHWAY:R-HSA-2142770	74	28	2269	Synthesis of 15-eicosatetraenoic acid derivatives	0.3783783783783784
PATHWAY:R-HSA-9018679	74	28	2269	Biosynthesis of EPA-derived SPMs	0.3783783783783784
PATHWAY:R-HSA-390696	143	28	1012	Adrenoceptors	0.1958041958041958
PATHWAY:R-HSA-114608	192	28	1476	Platelet degranulation 	0.14583333333333334
PATHWAY:R-HSA-9609690	182	25	1276	HCMV Early Events	0.13736263736263737
PATHWAY:R-HSA-442660	99	25	421	SLC-mediated transport of neurotransmitters	0.25252525252525254
PATHWAY:R-HSA-198933	123	24	702	Immunoregulatory interactions between a Lymphoid and a non-Lymphoid cell	0.1951219512195122
PATHWAY:R-HSA-9018519	203	23	541	Estrogen-dependent gene expression	0.11330049261083744
PATHWAY:R-HSA-5689880	160	23	652	Ub-specific processing proteases	0.14375
PATHWAY:R-HSA-9856649	98	22	943	Transcriptional and post-translational regulation of MITF-M expression and activity	0.22448979591836735
PATHWAY:R-HSA-400042	79	22	1412	Adrenaline,noradrenaline inhibits insulin secretion	0.27848101265822783
PATHWAY:R-HSA-445095	86	22	1297	Interaction between L1 and Ankyrins	0.2558139534883721
PATHWAY:R-HSA-390650	100	21	666	Histamine receptors	0.21
PATHWAY:R-HSA-9664422	100	21	578	FCGR3A-mediated phagocytosis	0.21
PATHWAY:R-HSA-1433557	136	21	435	Signaling by SCF-KIT	0.15441176470588236
PATHWAY:R-HSA-140180	60	21	1867	COX reactions	0.35
PATHWAY:R-HSA-2029482	103	20	567	Regulation of actin dynamics for phagocytic cup formation	0.1941747572815534
PATHWAY:R-HSA-9670439	115	20	430	Signaling by phosphorylated juxtamembrane, extracellular and kinase domain KIT mutants	0.17391304347826086
PATHWAY:R-HSA-1251985	182	20	357	Nuclear signaling by ERBB4	0.10989010989010989
PATHWAY:R-HSA-445144	152	20	588	Signal transduction by L1	0.13157894736842105
PATHWAY:R-HSA-9009391	247	20	568	Extra-nuclear estrogen signaling	0.08097165991902834
PATHWAY:R-HSA-9705671	100	20	1231	SARS-CoV-2 activates/modulates innate and adaptive immune responses	0.2
PATHWAY:R-HSA-5683826	80	20	700	Surfactant metabolism	0.25
PATHWAY:R-HSA-389948	87	19	900	Co-inhibition by PD-1	0.21839080459770116
PATHWAY:R-HSA-4420097	217	19	880	VEGFA-VEGFR2 Pathway	0.08755760368663594
PATHWAY:R-HSA-381426	113	19	847	Regulation of Insulin-like Growth Factor (IGF) transport and uptake by Insulin-like Growth Factor Binding Proteins (IGFBPs)	0.168141592920354
PATHWAY:R-HSA-9656223	118	19	395	Signaling by RAF1 mutants	0.16101694915254236
PATHWAY:R-HSA-6802946	119	19	395	Signaling by moderate kinase activity BRAF mutants	0.15966386554621848
PATHWAY:R-HSA-6802955	119	19	395	Paradoxical activation of RAF signaling by kinase inactive BRAF	0.15966386554621848
PATHWAY:R-HSA-6802952	118	19	395	Signaling by BRAF and RAF1 fusions	0.16101694915254236
PATHWAY:R-HSA-9649948	119	19	395	Signaling downstream of RAS mutants	0.15966386554621848
PATHWAY:R-HSA-186797	68	18	476	Signaling by PDGF	0.2647058823529412
PATHWAY:R-HSA-9927426	142	18	418	Developmental Lineage of Mammary Gland Alveolar Cells	0.1267605633802817
PATHWAY:R-HSA-422356	65	18	1201	Regulation of insulin secretion	0.27692307692307694
PATHWAY:R-HSA-9665348	147	18	442	Signaling by ERBB2 ECD mutants	0.12244897959183673
PATHWAY:R-HSA-8940973	94	18	328	RUNX2 regulates osteoblast differentiation	0.19148936170212766
PATHWAY:R-HSA-111885	69	18	1413	Opioid Signalling	0.2608695652173913
PATHWAY:R-HSA-381340	111	18	2601	Transcriptional regulation of white adipocyte differentiation	0.16216216216216217
PATHWAY:R-HSA-1250196	122	18	449	SHC1 events in ERBB2 signaling	0.14754098360655737
PATHWAY:R-HSA-202040	69	18	1413	G-protein activation	0.2608695652173913
PATHWAY:R-HSA-9664565	158	18	442	Signaling by ERBB2 KD Mutants	0.11392405063291139
PATHWAY:R-HSA-9620244	135	18	535	Long-term potentiation	0.13333333333333333
PATHWAY:R-HSA-216083	143	17	771	Integrin cell surface interactions	0.11888111888111888
PATHWAY:R-HSA-1963640	106	17	431	GRB2 events in ERBB2 signaling	0.16037735849056603
PATHWAY:R-HSA-9634285	113	17	431	Constitutive Signaling by Overexpressed ERBB2	0.1504424778761062
PATHWAY:R-HSA-9833109	56	17	1035	Evasion by RSV of host interferon responses	0.30357142857142855
PATHWAY:R-HSA-5218921	110	17	830	VEGFR2 mediated cell proliferation	0.15454545454545454
PATHWAY:R-HSA-9927432	126	17	568	Developmental Lineage of Mammary Gland Myoepithelial Cells	0.1349206349206349
PATHWAY:R-HSA-983695	125	17	545	Antigen activates B Cell Receptor (BCR) leading to generation of second messengers	0.136
PATHWAY:R-HSA-977606	58	17	573	Regulation of Complement cascade	0.29310344827586204
PATHWAY:R-HSA-1989781	110	17	525	PPARA activates gene expression	0.15454545454545454
PATHWAY:R-HSA-9665686	124	17	431	Signaling by ERBB2 TMD/JMD mutants	0.13709677419354838
PATHWAY:R-HSA-69205	54	16	2102	G1/S-Specific Transcription	0.2962962962962963
PATHWAY:R-HSA-2467813	139	16	1097	Separation of Sister Chromatids	0.11510791366906475
PATHWAY:R-HSA-186763	97	16	388	Downstream signal transduction	0.16494845360824742
PATHWAY:R-HSA-416572	114	16	436	Sema4D induced cell migration and growth-cone collapse	0.14035087719298245
PATHWAY:R-HSA-9609736	112	16	940	Assembly and cell surface presentation of NMDA receptors	0.14285714285714285
PATHWAY:R-HSA-1963642	146	16	437	PI3K events in ERBB2 signaling	0.1095890410958904
PATHWAY:R-HSA-9856530	188	16	478	High laminar flow shear stress activates signaling by PIEZO1 and PECAM1:CDH5:KDR in endothelial cells	0.0851063829787234
PATHWAY:R-HSA-1358803	135	16	427	Downregulation of ERBB2:ERBB3 signaling	0.11851851851851852
PATHWAY:R-HSA-909733	58	16	736	Interferon alpha/beta signaling	0.27586206896551724
PATHWAY:R-HSA-9938206	120	16	567	Developmental Lineage of Mammary Stem Cells	0.13333333333333333
PATHWAY:R-HSA-5673000	87	16	389	RAF activation	0.1839080459770115
PATHWAY:R-HSA-1227986	131	16	460	Signaling by ERBB2	0.12213740458015267
PATHWAY:R-HSA-9616222	56	16	1179	Transcriptional regulation of granulopoiesis	0.2857142857142857
PATHWAY:R-HSA-912526	131	16	499	Interleukin receptor SHC signaling	0.12213740458015267
PATHWAY:R-HSA-9717207	67	16	1174	Sensory perception of sweet, bitter, and umami (glutamate) taste	0.23880597014925373
PATHWAY:R-HSA-5619109	77	16	274	Defective SLC6A2 causes orthostatic intolerance (OI)	0.2077922077922078
PATHWAY:R-HSA-445355	52	16	1229	Smooth Muscle Contraction	0.3076923076923077
PATHWAY:R-HSA-9674555	75	15	315	Signaling by CSF3 (G-CSF)	0.2
PATHWAY:R-HSA-109704	129	15	389	PI3K Cascade	0.11627906976744186
PATHWAY:R-HSA-5663220	140	15	1090	RHO GTPases Activate Formins	0.10714285714285714
PATHWAY:R-HSA-110056	92	15	812	MAPK3 (ERK1) activation	0.16304347826086957
PATHWAY:R-HSA-9648025	127	15	976	EML4 and NUDC in mitotic spindle formation	0.11811023622047244
PATHWAY:R-HSA-1306955	110	15	426	GRB7 events in ERBB2 signaling	0.13636363636363635
PATHWAY:R-HSA-112411	79	15	812	MAPK1 (ERK2) activation	0.189873417721519
PATHWAY:R-HSA-9665244	110	15	426	Resistance of ERBB2 KD mutants to sapitinib	0.13636363636363635
PATHWAY:R-HSA-9665737	110	15	426	Drug resistance in ERBB2 TMD/JMD mutants	0.13636363636363635
PATHWAY:R-HSA-9665245	110	15	426	Resistance of ERBB2 KD mutants to tesevatinib	0.13636363636363635
PATHWAY:R-HSA-6785631	112	15	426	ERBB2 Regulates Cell Motility	0.13392857142857142
PATHWAY:R-HSA-8863795	130	15	426	Downregulation of ERBB2 signaling	0.11538461538461539
PATHWAY:R-HSA-9665250	110	15	426	Resistance of ERBB2 KD mutants to AEE788	0.13636363636363635
PATHWAY:R-HSA-9665246	110	15	426	Resistance of ERBB2 KD mutants to neratinib	0.13636363636363635
PATHWAY:R-HSA-9665251	110	15	426	Resistance of ERBB2 KD mutants to lapatinib	0.13636363636363635
PATHWAY:R-HSA-9665233	110	15	426	Resistance of ERBB2 KD mutants to trastuzumab	0.13636363636363635
PATHWAY:R-HSA-9646399	128	15	925	Aggrephagy	0.1171875
PATHWAY:R-HSA-9860927	94	15	712	Turbulent (oscillatory, disturbed) flow shear stress activates signaling by PIEZO1 and integrins in endothelial cells	0.1595744680851064
PATHWAY:R-HSA-8847993	112	15	426	ERBB2 Activates PTK6 Signaling	0.13392857142857142
PATHWAY:R-HSA-1251932	101	15	426	PLCG1 events in ERBB2 signaling	0.1485148514851485
PATHWAY:R-HSA-9665247	110	15	426	Resistance of ERBB2 KD mutants to osimertinib	0.13636363636363635
PATHWAY:R-HSA-9665249	110	15	426	Resistance of ERBB2 KD mutants to afatinib	0.13636363636363635
PATHWAY:R-HSA-9652282	110	15	426	Drug-mediated inhibition of ERBB2 signaling	0.13636363636363635
PATHWAY:R-HSA-983231	96	15	300	Factors involved in megakaryocyte development and platelet production	0.15625
PATHWAY:R-HSA-140837	83	14	918	Intrinsic Pathway of Fibrin Clot Formation	0.1686746987951807
PATHWAY:R-HSA-187024	45	14	274	NGF-independant TRKA activation	0.3111111111111111
PATHWAY:R-HSA-195399	92	14	791	VEGF binds to VEGFR leading to receptor dimerization	0.15217391304347827
PATHWAY:R-HSA-2132295	106	14	904	MHC class II antigen presentation	0.1320754716981132
PATHWAY:R-HSA-912694	42	14	553	Regulation of IFNA/IFNB signaling	0.3333333333333333
PATHWAY:R-HSA-6802948	87	14	352	Signaling by high-kinase activity BRAF mutants	0.16091954022988506
PATHWAY:R-HSA-2500257	146	14	914	Resolution of Sister Chromatid Cohesion	0.0958904109589041
PATHWAY:R-HSA-9634638	118	14	447	Estrogen-dependent nuclear events downstream of ESR-membrane signaling	0.11864406779661017
PATHWAY:R-HSA-419037	51	14	939	NCAM1 interactions	0.27450980392156865
PATHWAY:R-HSA-202733	106	14	661	Cell surface interactions at the vascular wall	0.1320754716981132
PATHWAY:R-HSA-5674135	87	14	352	MAP2K and MAPK activation	0.16091954022988506
PATHWAY:R-HSA-69231	95	14	327	Cyclin D associated events in G1	0.14736842105263157
PATHWAY:R-HSA-416482	87	14	542	G alpha (12/13) signalling events	0.16091954022988506
PATHWAY:R-HSA-5620920	96	14	907	Cargo trafficking to the periciliary membrane	0.14583333333333334
PATHWAY:R-HSA-5637810	126	13	244	Constitutive Signaling by EGFRvIII	0.10317460317460317
PATHWAY:R-HSA-9841922	92	13	308	MLL4 and MLL3 complexes regulate expression of PPARG target genes in adipogenesis and hepatic steatosis	0.14130434782608695
PATHWAY:R-HSA-9931295	72	13	836	PD-L1(CD274) glycosylation and translocation to plasma membrane	0.18055555555555555
PATHWAY:R-HSA-9607240	100	13	215	FLT3 Signaling	0.13
PATHWAY:R-HSA-9820960	107	13	264	Respiratory syncytial virus (RSV) attachment and entry	0.12149532710280374
PATHWAY:R-HSA-9705462	80	13	310	Inactivation of CSF3 (G-CSF) signaling	0.1625
PATHWAY:R-HSA-2179392	91	13	251	EGFR Transactivation by Gastrin	0.14285714285714285
PATHWAY:R-HSA-9833482	123	13	942	PKR-mediated signaling	0.10569105691056911
PATHWAY:R-HSA-202424	115	13	322	Downstream TCR signaling	0.11304347826086956
PATHWAY:R-HSA-6811434	90	13	903	COPI-dependent Golgi-to-ER retrograde traffic	0.14444444444444443
PATHWAY:R-HSA-8852276	135	13	1075	The role of GTSE1 in G2/M progression after G2 checkpoint	0.0962962962962963
PATHWAY:R-HSA-5610787	94	13	913	Hedgehog 'off' state	0.13829787234042554
PATHWAY:R-HSA-1236382	135	13	244	Constitutive Signaling by Ligand-Responsive EGFR Cancer Variants	0.0962962962962963
PATHWAY:R-HSA-5576893	44	13	919	Phase 2 - plateau phase	0.29545454545454547
PATHWAY:R-HSA-9662360	56	13	919	Sensory processing of sound by inner hair cells of the cochlea	0.23214285714285715
PATHWAY:R-HSA-983189	90	13	903	Kinesins	0.14444444444444443
PATHWAY:R-HSA-437239	104	13	937	Recycling pathway of L1	0.125
PATHWAY:R-HSA-380615	45	13	194	Serotonin clearance from the synaptic cleft	0.28888888888888886
PATHWAY:R-HSA-1433559	52	12	371	Regulation of KIT signaling	0.23076923076923078
PATHWAY:R-HSA-1250347	85	12	233	SHC1 events in ERBB4 signaling	0.1411764705882353
PATHWAY:R-HSA-179812	85	12	233	GRB2 events in EGFR signaling	0.1411764705882353
PATHWAY:R-HSA-180292	127	12	273	GAB1 signalosome	0.09448818897637795
PATHWAY:R-HSA-9673770	72	12	317	Signaling by PDGFRA extracellular domain mutants	0.16666666666666666
PATHWAY:R-HSA-9673767	72	12	317	Signaling by PDGFRA transmembrane, juxtamembrane and kinase domain mutants	0.16666666666666666
PATHWAY:R-HSA-8853659	87	12	312	RET signaling	0.13793103448275862
PATHWAY:R-HSA-180336	85	12	233	SHC1 events in EGFR signaling	0.1411764705882353
PATHWAY:R-HSA-512988	105	12	379	Interleukin-3, Interleukin-5 and GM-CSF signaling	0.11428571428571428
PATHWAY:R-HSA-418597	51	12	525	G alpha (z) signalling events	0.23529411764705882
PATHWAY:R-HSA-9013407	106	12	902	RHOH GTPase cycle	0.11320754716981132
PATHWAY:R-HSA-1445148	105	12	893	Translocation of SLC2A4 (GLUT4) to the plasma membrane	0.11428571428571428
PATHWAY:R-HSA-9703648	84	12	214	Signaling by FLT3 ITD and TKD mutants	0.14285714285714285
PATHWAY:R-HSA-9027284	52	12	247	Erythropoietin activates RAS	0.23076923076923078
PATHWAY:R-HSA-9020591	51	12	552	Interleukin-12 signaling	0.23529411764705882
PATHWAY:R-HSA-449836	81	12	397	Other interleukin signaling	0.14814814814814814
PATHWAY:R-HSA-170968	64	12	326	Frs2-mediated activation	0.1875
PATHWAY:R-HSA-9027276	104	12	282	Erythropoietin activates Phosphoinositide-3-kinase (PI3K)	0.11538461538461539
PATHWAY:R-HSA-68877	122	12	904	Mitotic Prometaphase	0.09836065573770492
PATHWAY:R-HSA-9706374	66	11	246	FLT3 signaling through SRC family kinases	0.16666666666666666
PATHWAY:R-HSA-2029481	49	11	168	FCGR activation	0.22448979591836735
PATHWAY:R-HSA-499943	24	11	774	Interconversion of nucleotide di- and triphosphates	0.4583333333333333
PATHWAY:R-HSA-8957275	84	11	386	Post-translational protein phosphorylation	0.13095238095238096
PATHWAY:R-HSA-9020933	44	11	543	Interleukin-23 signaling	0.25
PATHWAY:R-HSA-5578775	32	11	379	Ion homeostasis	0.34375
PATHWAY:R-HSA-2426168	57	11	851	Activation of gene expression by SREBF (SREBP)	0.19298245614035087
PATHWAY:R-HSA-9701898	35	11	488	STAT3 nuclear events downstream of ALK signaling	0.3142857142857143
PATHWAY:R-HSA-9664323	53	11	168	FCGR3A-mediated IL10 synthesis	0.20754716981132076
PATHWAY:R-HSA-1250342	116	11	239	PI3K events in ERBB4 signaling	0.09482758620689655
PATHWAY:R-HSA-9032500	52	11	122	Activated NTRK2 signals through FYN	0.21153846153846154
PATHWAY:R-HSA-5696400	33	11	910	Dual Incision in GG-NER	0.3333333333333333
PATHWAY:R-HSA-2029485	79	11	152	Role of phospholipids in phagocytosis	0.13924050632911392
PATHWAY:R-HSA-1059683	54	11	675	Interleukin-6 signaling	0.2037037037037037
PATHWAY:R-HSA-1170546	41	11	783	Prolactin receptor signaling	0.2682926829268293
PATHWAY:R-HSA-391908	52	11	375	Prostanoid ligand receptors	0.21153846153846154
PATHWAY:R-HSA-177929	93	11	262	Signaling by EGFR	0.11827956989247312
PATHWAY:R-HSA-9013507	100	11	231	NOTCH3 Activation and Transmission of Signal to the Nucleus	0.11
PATHWAY:R-HSA-9929491	53	11	957	SPOP-mediated proteasomal degradation of PD-L1(CD274)	0.20754716981132076
PATHWAY:R-HSA-4615885	70	11	463	SUMOylation of DNA replication proteins	0.15714285714285714
PATHWAY:R-HSA-1253288	99	11	262	Downregulation of ERBB4 signaling	0.1111111111111111
PATHWAY:R-HSA-390648	68	11	137	Muscarinic acetylcholine receptors	0.16176470588235295
PATHWAY:R-HSA-6811436	85	11	892	COPI-independent Golgi-to-ER retrograde traffic	0.12941176470588237
PATHWAY:R-HSA-5663213	60	11	444	RHO GTPases Activate WASPs and WAVEs	0.18333333333333332
PATHWAY:R-HSA-190861	84	11	892	Gap junction assembly	0.13095238095238096
PATHWAY:R-HSA-379401	49	11	230	Dopamine clearance from the synaptic cleft	0.22448979591836735
PATHWAY:R-HSA-8854518	137	11	892	AURKA Activation by TPX2	0.08029197080291971
PATHWAY:R-HSA-380259	119	11	892	Loss of Nlp from mitotic centrosomes	0.09243697478991597
PATHWAY:R-HSA-380284	119	11	892	Loss of proteins required for interphase microtubule organization from the centrosome	0.09243697478991597
PATHWAY:R-HSA-380320	119	11	892	Recruitment of NuMA to mitotic centrosomes	0.09243697478991597
PATHWAY:R-HSA-389957	84	11	892	Prefoldin mediated transfer of substrate  to CCT/TriC	0.13095238095238096
PATHWAY:R-HSA-8955332	84	11	892	Carboxyterminal post-translational modifications of tubulin	0.13095238095238096
PATHWAY:R-HSA-389960	84	11	892	Formation of tubulin folding intermediates by CCT/TriC	0.13095238095238096
PATHWAY:R-HSA-9619483	93	11	892	Activation of AMPK downstream of NMDARs	0.11827956989247312
PATHWAY:R-HSA-389977	84	11	892	Post-chaperonin tubulin folding pathway	0.13095238095238096
PATHWAY:R-HSA-2565942	146	11	892	Regulation of PLK1 Activity at G2/M Transition	0.07534246575342465
PATHWAY:R-HSA-9725370	94	11	122	Signaling by ALK fusions and activated point mutants	0.11702127659574468
PATHWAY:R-HSA-380270	119	11	892	Recruitment of mitotic centrosome proteins and complexes	0.09243697478991597
PATHWAY:R-HSA-9668328	84	11	892	Sealing of the nuclear envelope (NE) by ESCRT-III	0.13095238095238096
PATHWAY:R-HSA-5626467	89	11	892	RHO GTPases activate IQGAPs	0.12359550561797752
PATHWAY:R-HSA-6807878	87	11	892	COPI-mediated anterograde transport	0.12643678160919541
PATHWAY:R-HSA-190840	84	11	892	Microtubule-dependent trafficking of connexons from Golgi to the plasma membrane	0.13095238095238096
PATHWAY:R-HSA-392023	42	11	507	Adrenaline signalling through Alpha-2 adrenergic receptor	0.2619047619047619
PATHWAY:R-HSA-5620924	84	11	892	Intraflagellar transport	0.13095238095238096
PATHWAY:R-HSA-5620912	119	11	892	Anchoring of the basal body to the plasma membrane	0.09243697478991597
PATHWAY:R-HSA-9027277	49	10	242	Erythropoietin activates Phospholipase C gamma (PLCG)	0.20408163265306123
PATHWAY:R-HSA-9669917	34	10	326	Imatinib-resistant KIT mutants	0.29411764705882354
PATHWAY:R-HSA-9680187	34	10	326	Signaling by extracellular domain mutants of KIT	0.29411764705882354
PATHWAY:R-HSA-9669936	34	10	326	Sorafenib-resistant KIT mutants	0.29411764705882354
PATHWAY:R-HSA-9669926	34	10	326	Nilotinib-resistant KIT mutants	0.29411764705882354
PATHWAY:R-HSA-9669934	34	10	326	Sunitinib-resistant KIT mutants	0.29411764705882354
PATHWAY:R-HSA-9680350	105	10	231	Signaling by CSF1 (M-CSF) in myeloid cells	0.09523809523809523
PATHWAY:R-HSA-9844594	71	10	156	Transcriptional regulation of brown and beige adipocyte differentiation by EBF2	0.14084507042253522
PATHWAY:R-HSA-9669935	34	10	326	Signaling by juxtamembrane domain KIT mutants	0.29411764705882354
PATHWAY:R-HSA-9669924	34	10	326	Masitinib-resistant KIT mutants	0.29411764705882354
PATHWAY:R-HSA-9669921	34	10	326	KIT mutants bind TKIs	0.29411764705882354
PATHWAY:R-HSA-9669929	34	10	326	Regorafenib-resistant KIT mutants	0.29411764705882354
PATHWAY:R-HSA-8857538	83	10	228	PTK6 promotes HIF1A stabilization	0.12048192771084337
PATHWAY:R-HSA-9707616	59	10	151	Heme signaling	0.1694915254237288
PATHWAY:R-HSA-1362277	36	10	443	Transcription of E2F targets under negative control by DREAM complex	0.2777777777777778
PATHWAY:R-HSA-9669914	34	10	326	Dasatinib-resistant KIT mutants	0.29411764705882354
PATHWAY:R-HSA-9669933	34	10	326	Signaling by kinase domain mutants of KIT	0.29411764705882354
PATHWAY:R-HSA-212718	82	10	228	EGFR interacts with phospholipase C-gamma	0.12195121951219512
PATHWAY:R-HSA-399997	56	10	126	Acetylcholine regulates insulin secretion	0.17857142857142858
PATHWAY:R-HSA-2871809	56	10	607	FCERI mediated Ca+2 mobilization	0.17857142857142858
PATHWAY:R-HSA-9006335	49	10	242	Signaling by Erythropoietin	0.20408163265306123
PATHWAY:R-HSA-182971	91	10	228	EGFR downregulation	0.10989010989010989
PATHWAY:R-HSA-9027283	49	10	242	Erythropoietin activates STAT5	0.20408163265306123
PATHWAY:R-HSA-201556	81	10	152	Signaling by ALK	0.12345679012345678
PATHWAY:R-HSA-382556	51	10	497	ABC-family proteins mediated transport	0.19607843137254902
PATHWAY:R-HSA-140875	66	10	892	Common Pathway of Fibrin Clot Formation	0.15151515151515152
PATHWAY:R-HSA-5638303	82	10	228	Inhibition of Signaling by Overexpressed EGFR	0.12195121951219512
PATHWAY:R-HSA-9707564	58	10	205	Cytoprotection by HMOX1	0.1724137931034483
PATHWAY:R-HSA-9725371	43	10	677	Nuclear events stimulated by ALK signaling in cancer	0.23255813953488372
PATHWAY:R-HSA-3214858	60	10	233	RMTs methylate histone arginines	0.16666666666666666
PATHWAY:R-HSA-202433	48	10	115	Generation of second messenger molecules	0.20833333333333334
PATHWAY:R-HSA-1592389	33	10	322	Activation of Matrix Metalloproteinases	0.30303030303030304
PATHWAY:R-HSA-2424491	85	10	261	DAP12 signaling	0.11764705882352941
PATHWAY:R-HSA-9702605	45	9	198	pexidartinib-resistant FLT3 mutants	0.2
PATHWAY:R-HSA-9702581	45	9	198	crenolanib-resistant FLT3 mutants	0.2
PATHWAY:R-HSA-9702600	45	9	198	midostaurin-resistant FLT3 mutants	0.2
PATHWAY:R-HSA-8984722	44	9	376	Interleukin-35 Signalling	0.20454545454545456
PATHWAY:R-HSA-112314	27	9	398	Neurotransmitter receptors and postsynaptic signal transmission	0.3333333333333333
PATHWAY:R-HSA-982772	51	9	335	Growth hormone receptor signaling	0.17647058823529413
PATHWAY:R-HSA-9929356	39	9	925	GSK3B-mediated proteasomal degradation of PD-L1(CD274)	0.23076923076923078
PATHWAY:R-HSA-936837	22	9	801	Ion transport by P-type ATPases	0.4090909090909091
PATHWAY:R-HSA-9702509	45	9	198	FLT3 mutants bind TKIs	0.2
PATHWAY:R-HSA-9674401	31	9	301	Sunitinib-resistant PDGFR mutants	0.2903225806451613
PATHWAY:R-HSA-9702569	45	9	198	KW2449-resistant FLT3 mutants	0.2
PATHWAY:R-HSA-9674428	31	9	301	PDGFR mutants bind TKIs	0.2903225806451613
PATHWAY:R-HSA-9706377	54	9	198	FLT3 signaling by CBL mutants	0.16666666666666666
PATHWAY:R-HSA-9755511	47	9	713	KEAP1-NFE2L2 pathway	0.19148936170212766
PATHWAY:R-HSA-5660724	35	9	224	Defective SLC6A3 causes Parkinsonism-dystonia infantile (PKDYS)	0.2571428571428571
PATHWAY:R-HSA-5619081	35	9	224	Defective SLC6A3 causes Parkinsonism-dystonia infantile (PKDYS)	0.2571428571428571
PATHWAY:R-HSA-8874081	76	9	274	MET activates PTK2 signaling	0.11842105263157894
PATHWAY:R-HSA-9702632	45	9	198	sunitinib-resistant FLT3 mutants	0.2
PATHWAY:R-HSA-9020702	43	9	843	Interleukin-1 signaling	0.20930232558139536
PATHWAY:R-HSA-9702518	52	9	198	STAT5 activation downstream of FLT3 ITD mutants	0.17307692307692307
PATHWAY:R-HSA-877300	69	9	92	Interferon gamma signaling	0.13043478260869565
PATHWAY:R-HSA-9674404	31	9	301	Sorafenib-resistant PDGFR mutants	0.2903225806451613
PATHWAY:R-HSA-9702614	45	9	198	ponatinib-resistant FLT3 mutants	0.2
PATHWAY:R-HSA-9830674	22	9	361	Formation of the ureteric bud	0.4090909090909091
PATHWAY:R-HSA-9702590	45	9	198	gilteritinib-resistant FLT3 mutants	0.2
PATHWAY:R-HSA-9702620	45	9	198	quizartinib-resistant FLT3 mutants	0.2
PATHWAY:R-HSA-9703009	45	9	198	tamatinib-resistant FLT3 mutants	0.2
PATHWAY:R-HSA-9702636	45	9	198	tandutinib-resistant FLT3 mutants	0.2
PATHWAY:R-HSA-9702596	45	9	198	lestaurtinib-resistant FLT3 mutants	0.2
PATHWAY:R-HSA-9674396	31	9	301	Imatinib-resistant PDGFR mutants	0.2903225806451613
PATHWAY:R-HSA-9702624	45	9	198	sorafenib-resistant FLT3 mutants	0.2
PATHWAY:R-HSA-9702577	45	9	198	semaxanib-resistant FLT3 mutants	0.2
PATHWAY:R-HSA-8951664	28	9	699	Neddylation	0.32142857142857145
PATHWAY:R-HSA-9673768	75	9	346	Signaling by membrane-tethered fusions of PDGFRA or PDGFRB	0.12
PATHWAY:R-HSA-9619665	25	9	381	EGR2 and SOX10-mediated initiation of Schwann cell myelination	0.36
PATHWAY:R-HSA-9702998	45	9	198	linifanib-resistant FLT3 mutants	0.2
PATHWAY:R-HSA-202430	46	9	110	Translocation of ZAP-70 to Immunological synapse	0.1956521739130435
PATHWAY:R-HSA-9706369	54	9	198	Negative regulation of FLT3	0.16666666666666666
PATHWAY:R-HSA-5617472	33	9	317	Activation of anterior HOX genes in hindbrain development during early embryogenesis	0.2727272727272727
PATHWAY:R-HSA-202427	48	9	110	Phosphorylation of CD3 and TCR zeta chains	0.1875
PATHWAY:R-HSA-5655302	80	9	201	Signaling by FGFR1 in disease	0.1125
PATHWAY:R-HSA-9768919	36	9	232	NPAS4 regulates expression of target genes	0.25
PATHWAY:R-HSA-9674403	31	9	301	Regorafenib-resistant PDGFR mutants	0.2903225806451613
PATHWAY:R-HSA-76009	28	9	262	Platelet Aggregation (Plug Formation)	0.32142857142857145
PATHWAY:R-HSA-194306	77	9	346	Neurophilin interactions with VEGF and VEGFR	0.11688311688311688
PATHWAY:R-HSA-9645135	46	9	198	STAT5 Activation	0.1956521739130435
PATHWAY:R-HSA-1474228	50	8	289	Degradation of the extracellular matrix	0.16
PATHWAY:R-HSA-9020956	41	8	62	Interleukin-27 signaling	0.1951219512195122
PATHWAY:R-HSA-417973	48	8	174	Adenosine P1 receptors	0.16666666666666666
PATHWAY:R-HSA-420092	36	8	621	Glucagon-type ligand receptors	0.2222222222222222
PATHWAY:R-HSA-419812	21	8	180	Calcitonin-like ligand receptors	0.38095238095238093
PATHWAY:R-HSA-6788467	44	8	62	IL-6-type cytokine receptor ligand interactions	0.18181818181818182
PATHWAY:R-HSA-8854691	52	8	64	Interleukin-20 family signaling	0.15384615384615385
PATHWAY:R-HSA-3000178	54	8	196	ECM proteoglycans	0.14814814814814814
PATHWAY:R-HSA-167044	25	8	105	Signalling to RAS	0.32
PATHWAY:R-HSA-9603381	61	8	86	Activated NTRK3 signals through PI3K	0.13114754098360656
PATHWAY:R-HSA-9825892	77	8	115	Regulation of MITF-M-dependent genes involved in cell cycle and proliferation	0.1038961038961039
PATHWAY:R-HSA-5668541	64	8	2821	TNFR2 non-canonical NF-kB pathway	0.125
PATHWAY:R-HSA-9013149	61	8	355	RAC1 GTPase cycle	0.13114754098360656
PATHWAY:R-HSA-73817	18	8	1533	Purine ribonucleoside monophosphate biosynthesis	0.4444444444444444
PATHWAY:R-HSA-9925563	33	8	274	Developmental Lineage of Pancreatic Ductal Cells	0.24242424242424243
PATHWAY:R-HSA-373076	27	8	156	Class A/1 (Rhodopsin-like receptors)	0.2962962962962963
PATHWAY:R-HSA-2173789	33	8	1074	TGF-beta receptor signaling activates SMADs	0.24242424242424243
PATHWAY:R-HSA-9830364	17	8	220	Formation of the nephric duct	0.47058823529411764
PATHWAY:R-HSA-180024	41	8	377	DARPP-32 events	0.1951219512195122
PATHWAY:R-HSA-211976	29	8	76	Endogenous sterols	0.27586206896551724
PATHWAY:R-HSA-9692916	36	8	1087	SARS-CoV-1 activates/modulates innate immune responses	0.2222222222222222
PATHWAY:R-HSA-1236974	57	8	414	ER-Phagosome pathway	0.14035087719298245
PATHWAY:R-HSA-1266695	67	8	177	Interleukin-7 signaling	0.11940298507462686
PATHWAY:R-HSA-5669034	39	8	359	TNFs bind their physiological receptors	0.20512820512820512
PATHWAY:R-HSA-9020558	63	8	176	Interleukin-2 signaling	0.12698412698412698
PATHWAY:R-HSA-187706	38	8	189	Signalling to p38 via RIT and RIN	0.21052631578947367
PATHWAY:R-HSA-375165	54	8	131	NCAM signaling for neurite out-growth	0.14814814814814814
PATHWAY:R-HSA-9732724	58	8	124	IFNG signaling activates MAPKs	0.13793103448275862
PATHWAY:R-HSA-977225	50	8	136	Amyloid fiber formation	0.16
PATHWAY:R-HSA-426117	19	8	669	Cation-coupled Chloride cotransporters	0.42105263157894735
PATHWAY:R-HSA-5628897	67	8	189	TP53 Regulates Metabolic Genes	0.11940298507462686
PATHWAY:R-HSA-170984	38	8	189	ARMS-mediated activation	0.21052631578947367
PATHWAY:R-HSA-381676	24	8	545	Glucagon-like Peptide-1 (GLP1) regulates insulin secretion	0.3333333333333333
PATHWAY:R-HSA-5696394	27	7	558	DNA Damage Recognition in GG-NER	0.25925925925925924
PATHWAY:R-HSA-159740	44	7	720	Gamma-carboxylation of protein precursors	0.1590909090909091
PATHWAY:R-HSA-2022377	28	7	653	Metabolism of Angiotensinogen to Angiotensins	0.25
PATHWAY:R-HSA-181430	36	7	76	Norepinephrine Neurotransmitter Release Cycle	0.19444444444444445
PATHWAY:R-HSA-3928662	64	7	102	EPHB-mediated forward signaling	0.109375
PATHWAY:R-HSA-9034864	16	7	35	Activated NTRK3 signals through RAS	0.4375
PATHWAY:R-HSA-159782	43	7	720	Removal of aminoterminal propeptides from gamma-carboxylated proteins	0.16279069767441862
PATHWAY:R-HSA-5696395	36	7	558	Formation of Incision Complex in GG-NER	0.19444444444444445
PATHWAY:R-HSA-159763	43	7	720	Transport of gamma-carboxylated protein precursors from the endoplasmic reticulum to the Golgi apparatus	0.16279069767441862
PATHWAY:R-HSA-9028731	17	7	35	Activated NTRK2 signals through FRS2 and FRS3	0.4117647058823529
PATHWAY:R-HSA-5625886	44	7	63	Activated PKN1 stimulates transcription of AR (androgen receptor) regulated genes KLK2 and KLK3	0.1590909090909091
PATHWAY:R-HSA-69601	72	7	763	Ubiquitin-Mediated Degradation of Phosphorylated Cdc25A	0.09722222222222222
PATHWAY:R-HSA-9013695	50	7	288	NOTCH4 Intracellular Domain Regulates Transcription	0.14
PATHWAY:R-HSA-110314	20	7	834	Recognition of DNA damage by PCNA-containing replication complex	0.35
PATHWAY:R-HSA-6782210	30	7	834	Gap-filling DNA repair synthesis and ligation in TC-NER	0.23333333333333334
PATHWAY:R-HSA-8983432	41	7	162	Interleukin-15 signaling	0.17073170731707318
PATHWAY:R-HSA-877312	43	7	54	Regulation of IFNG signaling	0.16279069767441862
PATHWAY:R-HSA-8985947	39	7	162	Interleukin-9 signaling	0.1794871794871795
PATHWAY:R-HSA-9020958	39	7	162	Interleukin-21 signaling	0.1794871794871795
PATHWAY:R-HSA-2644606	44	7	500	Constitutive Signaling by NOTCH1 PEST Domain Mutants	0.1590909090909091
PATHWAY:R-HSA-9933387	49	7	107	RORA,B,C and NR1D1 (REV-ERBA) regulate gene expression	0.14285714285714285
PATHWAY:R-HSA-9660821	22	7	157	ADORA2B mediated anti-inflammatory cytokines production	0.3181818181818182
PATHWAY:R-HSA-5678420	18	7	296	Defective ABCC9 causes CMD10, ATFB12 and Cantu syndrome	0.3888888888888889
PATHWAY:R-HSA-2151201	53	7	107	Transcriptional activation of mitochondrial biogenesis	0.1320754716981132
PATHWAY:R-HSA-1296025	18	7	296	ATP sensitive Potassium channels	0.3888888888888889
PATHWAY:R-HSA-5683177	18	7	296	Defective ABCC8 can cause hypo- and hyper-glycemias	0.3888888888888889
PATHWAY:R-HSA-2173795	41	7	91	Downregulation of SMAD2/3:SMAD4 transcriptional activity	0.17073170731707318
PATHWAY:R-HSA-9931509	51	7	107	Expression of BMAL (ARNTL), CLOCK, and NPAS2	0.13725490196078433
PATHWAY:R-HSA-3000170	42	7	190	Syndecan interactions	0.16666666666666666
PATHWAY:R-HSA-9657688	20	7	220	Defective factor XII causes hereditary angioedema	0.35
PATHWAY:R-HSA-2894862	44	7	500	Constitutive Signaling by NOTCH1 HD+PEST Domain Mutants	0.1590909090909091
PATHWAY:R-HSA-400206	48	7	107	Regulation of lipid metabolism by PPARalpha	0.14583333333333334
PATHWAY:R-HSA-5674499	44	7	296	Negative feedback regulation of MAPK pathway	0.1590909090909091
PATHWAY:R-HSA-9748787	16	7	1226	Azathioprine ADME	0.4375
PATHWAY:R-HSA-5655253	71	7	97	Signaling by FGFR2 in disease	0.09859154929577464
PATHWAY:R-HSA-9969896	17	7	759	Lanosterol biosynthesis	0.4117647058823529
PATHWAY:R-HSA-8939236	49	7	396	RUNX1 regulates transcription of genes involved in differentiation of HSCs	0.14285714285714285
PATHWAY:R-HSA-6782135	30	7	834	Dual incision in TC-NER	0.23333333333333334
PATHWAY:R-HSA-8849932	43	7	273	Synaptic adhesion-like molecules	0.16279069767441862
PATHWAY:R-HSA-354192	79	7	66	Integrin signaling	0.08860759493670886
PATHWAY:R-HSA-9026519	16	7	35	Activated NTRK2 signals through RAS	0.4375
PATHWAY:R-HSA-198203	60	7	111	PI3K/AKT activation	0.11666666666666667
PATHWAY:R-HSA-2025928	13	7	1003	Calcineurin activates NFAT	0.5384615384615384
PATHWAY:R-HSA-389513	43	7	592	Co-inhibition by CTLA4	0.16279069767441862
PATHWAY:R-HSA-438066	45	7	273	Unblocking of NMDA receptors, glutamate binding and activation	0.15555555555555556
PATHWAY:R-HSA-9010553	23	7	691	Regulation of expression of SLITs and ROBOs	0.30434782608695654
PATHWAY:R-HSA-5658442	23	7	670	Regulation of RAS by GAPs	0.30434782608695654
PATHWAY:R-HSA-2173791	28	7	950	TGF-beta receptor signaling in EMT (epithelial to mesenchymal transition)	0.25
PATHWAY:R-HSA-9856532	58	7	893	Mechanical load activates signaling by PIEZO1 and integrins in osteocytes	0.1206896551724138
PATHWAY:R-HSA-9762114	28	7	697	GSK3B and BTRC:CUL1-mediated-degradation of NFE2L2	0.25
PATHWAY:R-HSA-5632684	29	7	686	Hedgehog 'on' state	0.2413793103448276
PATHWAY:R-HSA-983168	26	7	692	Antigen processing: Ubiquitination & Proteasome degradation	0.2692307692307692
PATHWAY:R-HSA-5602498	35	6	231	MyD88 deficiency (TLR2/4)	0.17142857142857143
PATHWAY:R-HSA-388479	27	6	84	Vasopressin-like receptors	0.2222222222222222
PATHWAY:R-HSA-9013404	58	6	337	RAC2 GTPase cycle	0.10344827586206896
PATHWAY:R-HSA-442982	31	6	52	Ras activation upon Ca2+ influx through NMDA receptor	0.1935483870967742
PATHWAY:R-HSA-5654693	36	6	86	FRS-mediated FGFR1 signaling	0.16666666666666666
PATHWAY:R-HSA-5654699	36	6	86	SHC-mediated cascade:FGFR2	0.16666666666666666
PATHWAY:R-HSA-210993	58	6	107	Tie2 Signaling	0.10344827586206896
PATHWAY:R-HSA-9839394	15	6	302	TGFBR3 expression	0.4
PATHWAY:R-HSA-165160	25	6	113	PDE3B signalling	0.24
PATHWAY:R-HSA-5362517	32	6	302	Signaling by Retinoic Acid	0.1875
PATHWAY:R-HSA-8943724	91	6	64	Regulation of PTEN gene transcription	0.06593406593406594
PATHWAY:R-HSA-5654688	35	6	86	SHC-mediated cascade:FGFR1	0.17142857142857143
PATHWAY:R-HSA-114604	77	6	103	GPVI-mediated activation cascade	0.07792207792207792
PATHWAY:R-HSA-456926	36	6	242	Thrombin signalling through proteinase activated receptors (PARs)	0.16666666666666666
PATHWAY:R-HSA-389356	28	6	591	Co-stimulation by CD28	0.21428571428571427
PATHWAY:R-HSA-5655332	68	6	27	Signaling by FGFR3 in disease	0.08823529411764706
PATHWAY:R-HSA-430116	57	6	144	GP1b-IX-V activation signalling	0.10526315789473684
PATHWAY:R-HSA-5603041	36	6	231	IRAK4 deficiency (TLR2/4)	0.16666666666666666
PATHWAY:R-HSA-9700645	19	6	92	ALK mutants bind TKIs	0.3157894736842105
PATHWAY:R-HSA-8964315	23	6	231	G beta:gamma signalling through BTK	0.2608695652173913
PATHWAY:R-HSA-5654700	37	6	86	FRS-mediated FGFR2 signaling	0.16216216216216217
PATHWAY:R-HSA-3656535	14	6	932	TGFBR1 LBD Mutants in Cancer	0.42857142857142855
PATHWAY:R-HSA-392154	18	6	145	Nitric oxide stimulates guanylate cyclase	0.3333333333333333
PATHWAY:R-HSA-8853884	38	6	181	Transcriptional Regulation by VENTX	0.15789473684210525
PATHWAY:R-HSA-1234158	21	6	448	Regulation of gene expression by Hypoxia-inducible Factor	0.2857142857142857
PATHWAY:R-HSA-210991	23	6	506	Basigin interactions	0.2608695652173913
PATHWAY:R-HSA-166058	38	6	231	MyD88:MAL(TIRAP) cascade initiated on plasma membrane	0.15789473684210525
PATHWAY:R-HSA-8851805	44	6	67	MET activates RAS signaling	0.13636363636363635
PATHWAY:R-HSA-8877330	20	6	295	RUNX1 and FOXP3 control the development of regulatory T lymphocytes (Tregs)	0.3
PATHWAY:R-HSA-9660826	46	6	103	Purinergic signaling in leishmaniasis infection	0.13043478260869565
PATHWAY:R-HSA-5685942	20	6	535	HDR through Homologous Recombination (HRR)	0.3
PATHWAY:R-HSA-167021	22	6	100	PLC-gamma1 signalling	0.2727272727272727
PATHWAY:R-HSA-187042	22	6	100	TRKA activation by NGF	0.2727272727272727
PATHWAY:R-HSA-5607764	58	6	260	CLEC7A (Dectin-1) signaling	0.10344827586206896
PATHWAY:R-HSA-2586552	32	6	45	Signaling by Leptin	0.1875
PATHWAY:R-HSA-4086398	15	6	62	Ca2+ pathway	0.4
PATHWAY:R-HSA-9028335	48	6	41	Activated NTRK2 signals through PI3K	0.125
PATHWAY:R-HSA-177504	22	6	100	Retrograde neurotrophin signalling	0.2727272727272727
PATHWAY:R-HSA-1234176	26	6	668	Oxygen-dependent proline hydroxylation of Hypoxia-inducible Factor Alpha	0.23076923076923078
PATHWAY:R-HSA-8951936	26	6	56	RUNX3 regulates p14-ARF	0.23076923076923078
PATHWAY:R-HSA-195253	28	6	693	Degradation of beta-catenin by the destruction complex	0.21428571428571427
PATHWAY:R-HSA-5610783	27	6	693	Degradation of GLI2 by the proteasome	0.2222222222222222
PATHWAY:R-HSA-5610785	27	6	693	GLI3 is processed to GLI3R by the proteasome	0.2222222222222222
PATHWAY:R-HSA-75815	40	6	271	Ubiquitin-dependent degradation of Cyclin D	0.15
PATHWAY:R-HSA-9710421	10	6	482	Defective pyroptosis	0.6
PATHWAY:R-HSA-388844	16	6	31	Receptor-type tyrosine-protein phosphatases	0.375
PATHWAY:R-HSA-3108214	23	6	86	SUMOylation of DNA damage response and repair proteins	0.2608695652173913
PATHWAY:R-HSA-198745	22	6	100	Signalling to STAT3	0.2727272727272727
PATHWAY:R-HSA-9604323	36	6	666	Negative regulation of NOTCH4 signaling	0.16666666666666666
PATHWAY:R-HSA-1237044	15	6	271	Erythrocytes take up carbon dioxide and release oxygen	0.4
PATHWAY:R-HSA-8878166	34	6	75	Transcriptional regulation by RUNX2	0.17647058823529413
PATHWAY:R-HSA-2122947	33	6	497	NOTCH1 Intracellular Domain Regulates Transcription	0.18181818181818182
PATHWAY:R-HSA-1247673	15	6	271	Erythrocytes take up oxygen and release carbon dioxide	0.4
PATHWAY:R-HSA-187577	40	6	254	SCF(Skp2)-mediated degradation of p27/p21	0.15
PATHWAY:R-HSA-8851907	76	5	73	MET activates PI3K/AKT signaling	0.06578947368421052
PATHWAY:R-HSA-9954709	20	5	665	Ribosome Quality Control (RQC) complex extracts and degrades nascent peptide	0.25
PATHWAY:R-HSA-389357	98	5	405	CD28 dependent PI3K/Akt signaling	0.05102040816326531
PATHWAY:R-HSA-9918481	37	5	198	Dengue Virus-Host Interactions	0.13513513513513514
PATHWAY:R-HSA-8875513	47	5	203	MET interacts with TNS proteins	0.10638297872340426
PATHWAY:R-HSA-8934593	27	5	105	Regulation of RUNX1 Expression and Activity	0.18518518518518517
PATHWAY:R-HSA-9931269	29	5	415	AMPK-induced ERAD and lysosome mediated degradation of PD-L1(CD274)	0.1724137931034483
PATHWAY:R-HSA-75205	18	5	123	Dissolution of Fibrin Clot	0.2777777777777778
PATHWAY:R-HSA-399719	28	5	967	Trafficking of AMPA receptors	0.17857142857142858
PATHWAY:R-HSA-5655291	55	5	25	Signaling by FGFR4 in disease	0.09090909090909091
PATHWAY:R-HSA-4641258	20	5	665	Degradation of DVL	0.25
PATHWAY:R-HSA-112308	17	5	1008	Presynaptic depolarization and calcium channel opening	0.29411764705882354
PATHWAY:R-HSA-171007	53	5	120	p38MAPK events	0.09433962264150944
PATHWAY:R-HSA-8941858	37	5	231	Regulation of RUNX3 expression and activity	0.13513513513513514
PATHWAY:R-HSA-9013422	24	5	327	RHOBTB1 GTPase cycle	0.20833333333333334
PATHWAY:R-HSA-373080	23	5	144	Class B/2 (Secretin family receptors)	0.21739130434782608
PATHWAY:R-HSA-180585	20	5	665	Vif-mediated degradation of APOBEC3G	0.25
PATHWAY:R-HSA-75892	25	5	204	Platelet Adhesion to exposed collagen	0.2
PATHWAY:R-HSA-2173796	45	5	41	SMAD2/SMAD3:SMAD4 heterotrimer regulates transcription	0.1111111111111111
PATHWAY:R-HSA-9615710	41	5	61	Late endosomal microautophagy	0.12195121951219512
PATHWAY:R-HSA-196791	18	5	94	Vitamin D (calciferol) metabolism	0.2777777777777778
PATHWAY:R-HSA-5685938	28	5	213	HDR through Single Strand Annealing (SSA)	0.17857142857142858
PATHWAY:R-HSA-174577	17	5	186	Activation of C3 and C5	0.29411764705882354
PATHWAY:R-HSA-9648002	25	5	40	RAS processing	0.2
PATHWAY:R-HSA-9845323	14	5	145	Regulation of endogenous retroelements by Piwi-interacting RNAs (piRNAs)	0.35714285714285715
PATHWAY:R-HSA-8854050	39	5	665	FBXL7 down-regulates AURKA during mitotic entry and in early mitosis	0.1282051282051282
PATHWAY:R-HSA-5654706	34	5	16	FRS-mediated FGFR3 signaling	0.14705882352941177
PATHWAY:R-HSA-1442490	20	5	262	Collagen degradation	0.25
PATHWAY:R-HSA-8936459	24	5	34	RUNX1 regulates genes involved in megakaryocyte differentiation and platelet function	0.20833333333333334
PATHWAY:R-HSA-9029569	35	5	46	NR1H3 & NR1H2 regulate gene expression linked to cholesterol transport and efflux	0.14285714285714285
PATHWAY:R-HSA-5654695	69	5	92	PI-3K cascade:FGFR2	0.07246376811594203
PATHWAY:R-HSA-427413	24	5	145	NoRC negatively regulates rRNA expression	0.20833333333333334
PATHWAY:R-HSA-5693565	45	5	213	Recruitment and ATM-mediated phosphorylation of repair and signaling proteins at DNA double strand breaks	0.1111111111111111
PATHWAY:R-HSA-9613829	49	5	61	Chaperone Mediated Autophagy	0.10204081632653061
PATHWAY:R-HSA-525793	60	5	213	Myogenesis	0.08333333333333333
PATHWAY:R-HSA-9793380	30	5	84	Formation of paraxial mesoderm	0.16666666666666666
PATHWAY:R-HSA-3769402	41	5	28	Deactivation of the beta-catenin transactivating complex	0.12195121951219512
PATHWAY:R-HSA-5675221	37	5	164	Negative regulation of MAPK pathway	0.13513513513513514
PATHWAY:R-HSA-1295596	48	5	204	Spry regulation of FGF signaling	0.10416666666666667
PATHWAY:R-HSA-5654704	33	5	16	SHC-mediated cascade:FGFR3	0.15151515151515152
PATHWAY:R-HSA-428890	24	5	213	Role of ABL in ROBO-SLIT signaling	0.20833333333333334
PATHWAY:R-HSA-2871796	44	5	359	FCERI mediated MAPK activation	0.11363636363636363
PATHWAY:R-HSA-5654689	68	5	92	PI-3K cascade:FGFR1	0.07352941176470588
PATHWAY:R-HSA-1475029	15	5	243	Reversible hydration of carbon dioxide	0.3333333333333333
PATHWAY:R-HSA-3371511	23	5	41	HSF1 activation	0.21739130434782608
PATHWAY:R-HSA-194138	13	5	445	Signaling by VEGF	0.38461538461538464
PATHWAY:R-HSA-9851151	11	5	90	MDK and PTN in ALK signaling	0.45454545454545453
PATHWAY:R-HSA-9032759	19	5	30	NTRK2 activates RAC1	0.2631578947368421
PATHWAY:R-HSA-9603505	13	5	30	NTRK3 as a dependence receptor	0.38461538461538464
PATHWAY:R-HSA-166208	48	5	929	mTORC1-mediated signalling	0.10416666666666667
PATHWAY:R-HSA-5619087	14	5	254	Defective SLC12A3 causes Gitelman syndrome (GS)	0.35714285714285715
PATHWAY:R-HSA-9717323	11	5	90	ceritinib-resistant ALK mutants	0.45454545454545453
PATHWAY:R-HSA-9672391	33	5	200	Defective F8 cleavage by thrombin	0.15151515151515152
PATHWAY:R-HSA-2871837	45	5	541	FCERI mediated NF-kB activation	0.1111111111111111
PATHWAY:R-HSA-9717326	11	5	90	crizotinib-resistant ALK mutants	0.45454545454545453
PATHWAY:R-HSA-9032845	20	5	30	Activated NTRK2 signals through CDK5	0.25
PATHWAY:R-HSA-5610780	21	5	665	Degradation of GLI1 by the proteasome	0.23809523809523808
PATHWAY:R-HSA-194313	14	5	445	VEGF ligand-receptor interactions	0.35714285714285715
PATHWAY:R-HSA-9034793	13	5	30	Activated NTRK3 signals through PLCG1	0.38461538461538464
PATHWAY:R-HSA-9025046	13	5	30	NTF3 activates NTRK2 (TRKB) signaling	0.38461538461538464
PATHWAY:R-HSA-354194	47	5	51	GRB2:SOS provides linkage to MAPK signaling for Integrins 	0.10638297872340426
PATHWAY:R-HSA-9013423	50	5	326	RAC3 GTPase cycle	0.1
PATHWAY:R-HSA-9024909	13	5	30	BDNF activates NTRK2 (TRKB) signaling	0.38461538461538464
PATHWAY:R-HSA-9837999	22	5	92	Mitochondrial protein degradation	0.22727272727272727
PATHWAY:R-HSA-9717329	11	5	90	lorlatinib-resistant ALK mutants	0.45454545454545453
PATHWAY:R-HSA-9034015	13	5	30	Signaling by NTRK3 (TRKC)	0.38461538461538464
PATHWAY:R-HSA-9717319	11	5	90	brigatinib-resistant ALK mutants	0.45454545454545453
PATHWAY:R-HSA-9034013	13	5	30	NTF3 activates NTRK3 signaling	0.38461538461538464
PATHWAY:R-HSA-9932298	20	5	665	Degradation of CRY and PER proteins	0.25
PATHWAY:R-HSA-1474151	38	5	1216	Tetrahydrobiopterin (BH4) synthesis, recycling, salvage and regulation	0.13157894736842105
PATHWAY:R-HSA-9717301	11	5	90	NVP-TAE684-resistant ALK mutants	0.45454545454545453
PATHWAY:R-HSA-9942503	20	5	2384	Differentiation of naive CD+ T cells to T helper 1 cells (Th1 cells)	0.25
PATHWAY:R-HSA-9717316	11	5	90	alectinib-resistant ALK mutants	0.45454545454545453
PATHWAY:R-HSA-9617324	30	5	48	Negative regulation of NMDA receptor-mediated neuronal transmission	0.16666666666666666
PATHWAY:R-HSA-181429	22	5	70	Serotonin Neurotransmitter Release Cycle	0.22727272727272727
PATHWAY:R-HSA-9909649	27	5	239	Regulation of PD-L1(CD274) transcription	0.18518518518518517
PATHWAY:R-HSA-212676	22	5	70	Dopamine Neurotransmitter Release Cycle	0.22727272727272727
PATHWAY:R-HSA-372708	47	5	51	p130Cas linkage to MAPK signaling for integrins	0.10638297872340426
PATHWAY:R-HSA-9717264	11	5	90	ASP-3026-resistant ALK mutants	0.45454545454545453
PATHWAY:R-HSA-6794361	37	5	48	Neurexins and neuroligins	0.13513513513513514
PATHWAY:R-HSA-9026357	13	5	30	NTF4 activates NTRK2 (TRKB) signaling	0.38461538461538464
PATHWAY:R-HSA-68949	35	5	665	Orc1 removal from chromatin	0.14285714285714285
PATHWAY:R-HSA-9026527	13	5	30	Activated NTRK2 signals through PLCG1	0.38461538461538464
PATHWAY:R-HSA-1368108	45	4	92	BMAL1:CLOCK,NPAS2 activates circadian expression	0.08888888888888889
PATHWAY:R-HSA-5654221	33	4	81	Phospholipase C-mediated cascade; FGFR2	0.12121212121212122
PATHWAY:R-HSA-190374	27	4	81	FGFR1c and Klotho ligand binding and activation	0.14814814814814814
PATHWAY:R-HSA-629597	36	4	207	Highly calcium permeable nicotinic acetylcholine receptors	0.1111111111111111
PATHWAY:R-HSA-9012546	20	4	343	Interleukin-18 signaling	0.2
PATHWAY:R-HSA-6803529	29	4	81	FGFR2 alternative splicing	0.13793103448275862
PATHWAY:R-HSA-5654219	32	4	81	Phospholipase C-mediated cascade: FGFR1	0.125
PATHWAY:R-HSA-432040	13	4	78	Vasopressin regulates renal water homeostasis via Aquaporins	0.3076923076923077
PATHWAY:R-HSA-1839120	26	4	81	Signaling by FGFR1 amplification mutants	0.15384615384615385
PATHWAY:R-HSA-1839122	32	4	81	Signaling by activated point mutants of FGFR1	0.125
PATHWAY:R-HSA-8851708	34	4	81	Signaling by FGFR2 IIIa TM	0.11764705882352941
PATHWAY:R-HSA-9036092	12	4	78	Defective AVP does not bind AVPR2 and causes neurohypophyseal diabetes insipidus (NDI)	0.3333333333333333
PATHWAY:R-HSA-190375	33	4	81	FGFR2c ligand binding and activation	0.12121212121212122
PATHWAY:R-HSA-140834	34	4	527	Extrinsic Pathway of Fibrin Clot Formation	0.11764705882352941
PATHWAY:R-HSA-190377	32	4	81	FGFR2b ligand binding and activation	0.125
PATHWAY:R-HSA-418457	21	4	317	cGMP effects	0.19047619047619047
PATHWAY:R-HSA-190373	32	4	81	FGFR1c ligand binding and activation	0.125
PATHWAY:R-HSA-2033519	33	4	81	Activated point mutants of FGFR2	0.12121212121212122
PATHWAY:R-HSA-5654726	48	4	81	Negative regulation of FGFR1 signaling	0.08333333333333333
PATHWAY:R-HSA-629594	53	4	207	Highly calcium permeable postsynaptic nicotinic acetylcholine receptors	0.07547169811320754
PATHWAY:R-HSA-5357956	34	4	2382	TNFR1-induced NF-kappa-B signaling pathway	0.11764705882352941
PATHWAY:R-HSA-190370	31	4	81	FGFR1b ligand binding and activation	0.12903225806451613
PATHWAY:R-HSA-9918485	58	4	45	Dengue Virus Attachment and Entry	0.06896551724137931
PATHWAY:R-HSA-9766229	34	4	228	Degradation of CDH1	0.11764705882352941
PATHWAY:R-HSA-8948751	39	4	254	Regulation of PTEN stability and activity	0.10256410256410256
PATHWAY:R-HSA-912631	86	4	88	Regulation of signaling by CBL	0.046511627906976744
PATHWAY:R-HSA-2559582	52	4	62	Senescence-Associated Secretory Phenotype (SASP)	0.07692307692307693
PATHWAY:R-HSA-5626978	16	4	2382	TNFR1-mediated ceramide production	0.25
PATHWAY:R-HSA-8949275	11	4	395	RUNX3 Regulates Immune Response and Cell Migration	0.36363636363636365
PATHWAY:R-HSA-75893	18	4	2382	TNF signaling	0.2222222222222222
PATHWAY:R-HSA-5210891	22	4	137	Uptake and function of anthrax toxins	0.18181818181818182
PATHWAY:R-HSA-5654710	66	4	22	PI-3K cascade:FGFR3	0.06060606060606061
PATHWAY:R-HSA-5684264	38	4	137	MAP3K8 (TPL2)-dependent MAPK1/3 activation	0.10526315789473684
PATHWAY:R-HSA-9652169	26	4	137	Signaling by MAP2K mutants	0.15384615384615385
PATHWAY:R-HSA-196757	9	4	1215	Metabolism of folate and pterines	0.4444444444444444
PATHWAY:R-HSA-192814	13	4	76	vRNA Synthesis	0.3076923076923077
PATHWAY:R-HSA-5685939	13	4	76	HDR through MMEJ (alt-NHEJ)	0.3076923076923077
PATHWAY:R-HSA-110362	14	4	76	POLB-Dependent Long Patch Base Excision Repair	0.2857142857142857
PATHWAY:R-HSA-5357786	20	4	2382	TNFR1-induced proapoptotic signaling	0.2
PATHWAY:R-HSA-2730905	69	4	365	Role of LAT2/NTAL/LAB on calcium mobilization	0.057971014492753624
PATHWAY:R-HSA-189200	16	4	320	Cellular hexose transport	0.25
PATHWAY:R-HSA-629587	36	4	207	Highly sodium permeable postsynaptic acetylcholine nicotinic receptors	0.1111111111111111
PATHWAY:R-HSA-8853336	26	4	81	Signaling by plasma membrane FGFR1 fusions	0.15384615384615385
PATHWAY:R-HSA-8853333	27	4	81	Signaling by FGFR2 fusions	0.14814814814814814
PATHWAY:R-HSA-8953750	24	4	86	Transcriptional Regulation by E2F6	0.16666666666666666
PATHWAY:R-HSA-2559580	89	4	130	Oxidative Stress Induced Senescence	0.0449438202247191
PATHWAY:R-HSA-159418	28	4	34	Recycling of bile acids and salts	0.14285714285714285
PATHWAY:R-HSA-9758919	26	4	81	Epithelial-Mesenchymal Transition (EMT) during gastrulation	0.15384615384615385
PATHWAY:R-HSA-5654687	32	4	81	Downstream signaling of activated FGFR1	0.125
PATHWAY:R-HSA-5357905	37	4	2382	Regulation of TNFR1 signaling	0.10810810810810811
PATHWAY:R-HSA-5654727	49	4	81	Negative regulation of FGFR2 signaling	0.08163265306122448
PATHWAY:R-HSA-1296072	15	4	66	Voltage gated Potassium channels	0.26666666666666666
PATHWAY:R-HSA-8950505	26	4	83	Gene and protein expression by JAK-STAT signaling after Interleukin-12 stimulation	0.15384615384615385
PATHWAY:R-HSA-9013408	44	4	281	RHOG GTPase cycle	0.09090909090909091
PATHWAY:R-HSA-916853	4	4	399	Degradation of GABA	1.0
PATHWAY:R-HSA-5658208	16	4	320	Defective SLC5A2 causes renal glucosuria (GLYS1)	0.25
PATHWAY:R-HSA-9824272	11	4	197	Somitogenesis	0.36363636363636365
PATHWAY:R-HSA-2428933	25	4	40	SHC-related events triggered by IGF1R	0.16
PATHWAY:R-HSA-5576890	14	4	66	Phase 3 - rapid repolarisation	0.2857142857142857
PATHWAY:R-HSA-2023837	27	4	81	Signaling by FGFR2 amplification mutants	0.14814814814814814
PATHWAY:R-HSA-5621575	26	4	109	CD209 (DC-SIGN) signaling	0.15384615384615385
PATHWAY:R-HSA-69183	6	4	352	Processive synthesis on the lagging strand	0.6666666666666666
PATHWAY:R-HSA-8875555	41	4	62	MET activates RAP1 and RAC1	0.0975609756097561
PATHWAY:R-HSA-2564830	6	4	352	Cytosolic iron-sulfur cluster assembly	0.6666666666666666
PATHWAY:R-HSA-6806942	41	4	62	MET Receptor Activation	0.0975609756097561
PATHWAY:R-HSA-9696264	42	4	99	RND3 GTPase cycle	0.09523809523809523
PATHWAY:R-HSA-5654719	25	4	14	SHC-mediated cascade:FGFR4	0.16
PATHWAY:R-HSA-9841251	65	4	28	Mitochondrial unfolded protein response (UPRmt)	0.06153846153846154
PATHWAY:R-HSA-3000171	17	4	118	Non-integrin membrane-ECM interactions	0.23529411764705882
PATHWAY:R-HSA-2129379	33	4	147	Molecules associated with elastic fibres	0.12121212121212122
PATHWAY:R-HSA-174437	6	4	352	Removal of the Flap Intermediate from the C-strand	0.6666666666666666
PATHWAY:R-HSA-5358565	6	4	352	Mismatch repair (MMR) directed by MSH2:MSH6 (MutSalpha)	0.6666666666666666
PATHWAY:R-HSA-174430	6	4	352	Telomere C-strand synthesis initiation	0.6666666666666666
PATHWAY:R-HSA-69091	6	4	352	Polymerase switching	0.6666666666666666
PATHWAY:R-HSA-5358606	6	4	352	Mismatch repair (MMR) directed by MSH2:MSH3 (MutSbeta)	0.6666666666666666
PATHWAY:R-HSA-174417	6	4	352	Telomere C-strand (Lagging Strand) Synthesis	0.6666666666666666
PATHWAY:R-HSA-174414	6	4	352	Processive synthesis on the C-strand of the telomere	0.6666666666666666
PATHWAY:R-HSA-8875360	48	4	62	InlB-mediated entry of Listeria monocytogenes into host cell	0.08333333333333333
PATHWAY:R-HSA-113501	9	4	352	Inhibition of replication initiation of damaged DNA by RB1/E2F1	0.4444444444444444
PATHWAY:R-HSA-8875656	41	4	62	MET receptor recycling	0.0975609756097561
PATHWAY:R-HSA-9824594	16	4	183	Regulation of MITF-M-dependent genes involved in apoptosis	0.25
PATHWAY:R-HSA-8865999	42	4	62	MET activates PTPN11	0.09523809523809523
PATHWAY:R-HSA-69166	6	4	352	Removal of the Flap Intermediate	0.6666666666666666
PATHWAY:R-HSA-5654712	26	4	14	FRS-mediated FGFR4 signaling	0.15384615384615385
PATHWAY:R-HSA-9634597	28	4	188	GPER1 signaling	0.14285714285714285
PATHWAY:R-HSA-2022090	14	4	258	Assembly of collagen fibrils and other multimeric structures	0.2857142857142857
PATHWAY:R-HSA-5656169	15	4	352	Termination of translesion DNA synthesis	0.26666666666666666
PATHWAY:R-HSA-68962	25	4	352	Activation of the pre-replicative complex	0.16
PATHWAY:R-HSA-416550	40	4	62	Sema4D mediated inhibition of cell attachment and migration	0.1
PATHWAY:R-HSA-5651801	7	4	352	PCNA-Dependent Long Patch Base Excision Repair	0.5714285714285714
PATHWAY:R-HSA-174411	6	4	352	Polymerase switching on the C-strand of the telomere	0.6666666666666666
PATHWAY:R-HSA-5696397	15	4	352	Gap-filling DNA repair synthesis and ligation in GG-NER	0.26666666666666666
PATHWAY:R-HSA-68952	6	4	352	DNA replication initiation	0.6666666666666666
PATHWAY:R-HSA-6804758	34	4	16	Regulation of TP53 Activity through Acetylation	0.11764705882352941
PATHWAY:R-HSA-3928663	29	4	125	EPHA-mediated growth cone collapse	0.13793103448275862
PATHWAY:R-HSA-141333	21	4	15	Biogenic amines are oxidatively deaminated to aldehydes by MAOA and MAOB	0.19047619047619047
PATHWAY:R-HSA-379398	18	4	31	Enzymatic degradation of Dopamine by monoamine oxidase	0.2222222222222222
PATHWAY:R-HSA-448424	12	4	572	Interleukin-17 signaling	0.3333333333333333
PATHWAY:R-HSA-379397	18	4	31	Enzymatic degradation of dopamine by COMT	0.2222222222222222
PATHWAY:R-HSA-3928665	32	4	118	EPH-ephrin mediated repulsion of cells	0.125
PATHWAY:R-HSA-9696270	34	4	99	RND2 GTPase cycle	0.11764705882352941
PATHWAY:R-HSA-8849470	25	4	71	PTK6 Regulates Cell Cycle	0.16
PATHWAY:R-HSA-9734091	41	4	62	Drug-mediated inhibition of MET activation	0.0975609756097561
PATHWAY:R-HSA-8875791	41	4	62	MET activates STAT3	0.0975609756097561
PATHWAY:R-HSA-6807004	50	4	62	Negative regulation of MET activity	0.08
PATHWAY:R-HSA-5676590	17	3	185	NIK-->noncanonical NF-kB signaling	0.17647058823529413
PATHWAY:R-HSA-1839117	45	3	115	Signaling by cytosolic FGFR1 fusion mutants	0.06666666666666667
PATHWAY:R-HSA-5678895	28	3	201	Defective CFTR causes cystic fibrosis	0.10714285714285714
PATHWAY:R-HSA-5576886	7	3	40	Phase 4 - resting membrane potential	0.42857142857142855
PATHWAY:R-HSA-5654732	46	3	11	Negative regulation of FGFR3 signaling	0.06521739130434782
PATHWAY:R-HSA-1299344	5	3	40	TWIK-related spinal cord K+ channel (TRESK)	0.6
PATHWAY:R-HSA-6781823	24	3	482	Formation of TC-NER Pre-Incision Complex	0.125
PATHWAY:R-HSA-5654720	58	3	20	PI-3K cascade:FGFR4	0.05172413793103448
PATHWAY:R-HSA-9708530	14	3	482	Regulation of BACH1 activity	0.21428571428571427
PATHWAY:R-HSA-2644607	6	3	482	Loss of Function of FBXW7 in Cancer and NOTCH1 Signaling	0.5
PATHWAY:R-HSA-9703465	42	3	16	Signaling by FLT3 fusion proteins	0.07142857142857142
PATHWAY:R-HSA-416993	22	3	243	Trafficking of GluR2-containing AMPA receptors	0.13636363636363635
PATHWAY:R-HSA-6781827	24	3	482	Transcription-Coupled Nucleotide Excision Repair (TC-NER)	0.125
PATHWAY:R-HSA-1299316	6	3	40	TWIK-releated acid-sensitive K+ channel (TASK)	0.5
PATHWAY:R-HSA-1299503	5	3	40	TWIK related potassium channel (TREK)	0.6
PATHWAY:R-HSA-350054	16	3	15	Notch-HLH transcription pathway	0.1875
PATHWAY:R-HSA-9634635	15	3	23	Estrogen-stimulated signaling through PRKCZ	0.2
PATHWAY:R-HSA-9833110	26	3	107	RSV-host interactions	0.11538461538461539
PATHWAY:R-HSA-5620971	23	3	81	Pyroptosis	0.13043478260869565
PATHWAY:R-HSA-3295583	28	3	118	TRP channels	0.10714285714285714
PATHWAY:R-HSA-5690714	23	3	95	CD22 mediated BCR regulation	0.13043478260869565
PATHWAY:R-HSA-1169408	38	3	46	ISG15 antiviral mechanism	0.07894736842105263
PATHWAY:R-HSA-9909620	13	3	232	Regulation of PD-L1(CD274) translation	0.23076923076923078
PATHWAY:R-HSA-1169091	31	3	201	Activation of NF-kappaB in B cells	0.0967741935483871
PATHWAY:R-HSA-8941332	25	3	233	RUNX2 regulates genes involved in cell migration	0.12
PATHWAY:R-HSA-210990	31	3	46	PECAM1 interactions	0.0967741935483871
PATHWAY:R-HSA-9673202	40	3	523	Defective F9 variant does not activate FX	0.075
PATHWAY:R-HSA-380612	15	3	14	Metabolism of serotonin	0.2
PATHWAY:R-HSA-2454202	29	3	354	Fc epsilon receptor (FCERI) signaling	0.10344827586206896
PATHWAY:R-HSA-9672396	40	3	523	Defective cofactor function of FVIIIa variant	0.075
PATHWAY:R-HSA-9692914	5	3	54	SARS-CoV-1-host interactions	0.6
PATHWAY:R-HSA-9672383	40	3	523	Defective factor IX causes thrombophilia	0.075
PATHWAY:R-HSA-445989	34	3	25	TAK1-dependent IKK and NF-kappa-B activation  	0.08823529411764706
PATHWAY:R-HSA-5689896	78	3	27	Ovarian tumor domain proteases	0.038461538461538464
PATHWAY:R-HSA-5619104	5	3	415	Defective SLC12A1 causes Bartter syndrome 1 (BS1)	0.6
PATHWAY:R-HSA-9022707	36	3	49	MECP2 regulates transcription factors	0.08333333333333333
PATHWAY:R-HSA-9013420	43	3	115	RHOU GTPase cycle	0.06976744186046512
PATHWAY:R-HSA-8931987	48	3	27	RUNX1 regulates estrogen receptor mediated transcription	0.0625
PATHWAY:R-HSA-9754119	19	3	60	Drug-mediated inhibition of CDK4/CDK6 activity	0.15789473684210525
PATHWAY:R-HSA-2559585	41	3	60	Oncogene Induced Senescence	0.07317073170731707
PATHWAY:R-HSA-9632697	18	3	60	Evasion of Oxidative Stress Induced Senescence Due to Defective p16INK4A binding to CDK4	0.16666666666666666
PATHWAY:R-HSA-9630794	18	3	60	Evasion of Oncogene Induced Senescence Due to Defective p16INK4A binding to CDK4 and CDK6	0.16666666666666666
PATHWAY:R-HSA-9632700	18	3	60	Evasion of Oxidative Stress Induced Senescence Due to Defective p16INK4A binding to CDK4 and CDK6	0.16666666666666666
PATHWAY:R-HSA-5689603	22	3	186	UCH proteinases	0.13636363636363635
PATHWAY:R-HSA-912446	23	3	60	Meiotic recombination	0.13043478260869565
PATHWAY:R-HSA-5579030	6	3	36	Defective CYP19A1 causes AEXS	0.5
PATHWAY:R-HSA-9630791	18	3	60	Evasion of Oncogene Induced Senescence Due to Defective p16INK4A binding to CDK4	0.16666666666666666
PATHWAY:R-HSA-975634	10	3	30	Retinoid metabolism and transport	0.3
PATHWAY:R-HSA-193144	6	3	36	Estrogen biosynthesis	0.5
PATHWAY:R-HSA-8980692	52	3	114	RHOA GTPase cycle	0.057692307692307696
PATHWAY:R-HSA-9013106	52	3	114	RHOC GTPase cycle	0.057692307692307696
PATHWAY:R-HSA-9013026	52	3	114	RHOB GTPase cycle	0.057692307692307696
PATHWAY:R-HSA-8849471	4	3	16	PTK6 Regulates RHO GTPases, RAS GTPase and MAP kinases	0.75
PATHWAY:R-HSA-8939256	49	3	27	RUNX1 regulates transcription of genes involved in WNT signaling	0.061224489795918366
PATHWAY:R-HSA-8939211	72	3	27	ESR-mediated signaling	0.041666666666666664
PATHWAY:R-HSA-9661069	26	3	60	Defective binding of RB1 mutants to E2F1,(E2F2, E2F3)	0.11538461538461539
PATHWAY:R-HSA-5619099	14	3	40	Defective AVP does not bind AVPR1A,B and causes neurohypophyseal diabetes insipidus (NDI)	0.21428571428571427
PATHWAY:R-HSA-1538133	30	3	15	G0 and Early G1	0.1
PATHWAY:R-HSA-2514859	14	3	35	Inactivation, recovery and regulation of the phototransduction cascade	0.21428571428571427
PATHWAY:R-HSA-8853334	24	3	11	Signaling by FGFR3 fusions in cancer	0.125
PATHWAY:R-HSA-9726840	18	3	159	SHOC2 M1731 mutant abolishes MRAS complex function	0.16666666666666666
PATHWAY:R-HSA-427389	12	3	15	ERCC6 (CSB) and EHMT2 (G9a) positively regulate rRNA expression	0.25
PATHWAY:R-HSA-201722	17	3	15	Formation of the beta-catenin:TCF transactivating complex	0.17647058823529413
PATHWAY:R-HSA-9022702	12	3	15	MECP2 regulates transcription of neuronal ligands	0.25
PATHWAY:R-HSA-193670	17	3	15	p75NTR negatively regulates cell cycle via SC1	0.17647058823529413
PATHWAY:R-HSA-419408	13	3	85	Lysosphingolipid and LPA receptors	0.23076923076923078
PATHWAY:R-HSA-1362300	27	3	15	Transcription of E2F targets under negative control by p107 (RBL1) and p130 (RBL2) in complex with HDAC1	0.1111111111111111
PATHWAY:R-HSA-3000157	17	3	167	Laminin interactions	0.17647058823529413
PATHWAY:R-HSA-390471	19	3	15	Association of TriC/CCT with target proteins during biosynthesis	0.15789473684210525
PATHWAY:R-HSA-190372	30	3	11	FGFR3c ligand binding and activation	0.1
PATHWAY:R-HSA-9845619	7	3	29	Enhanced cleavage of VWF variant by ADAMTS13	0.42857142857142855
PATHWAY:R-HSA-9022692	33	3	15	Regulation of MECP2 expression and activity	0.09090909090909091
PATHWAY:R-HSA-933542	24	3	25	TRAF6 mediated NF-kB activation	0.125
PATHWAY:R-HSA-9609523	14	3	25	Insertion of tail-anchored proteins into the endoplasmic reticulum membrane	0.21428571428571427
PATHWAY:R-HSA-9845620	7	3	29	Enhanced binding of GP1BA variant to VWF multimer:collagen 	0.42857142857142855
PATHWAY:R-HSA-8862803	21	3	25	Deregulated CDK5 triggers multiple neurodegenerative pathways in Alzheimer's disease models	0.14285714285714285
PATHWAY:R-HSA-432720	15	3	25	Lysosome Vesicle Biogenesis	0.2
PATHWAY:R-HSA-193048	9	3	21	Androgen biosynthesis	0.3333333333333333
PATHWAY:R-HSA-4641265	12	3	15	Repression of WNT target genes	0.25
PATHWAY:R-HSA-166665	12	3	182	Terminal pathway of complement	0.25
PATHWAY:R-HSA-1566977	17	3	167	Fibronectin matrix formation	0.17647058823529413
PATHWAY:R-HSA-9845622	6	3	29	Defective VWF binding to collagen type I 	0.5
PATHWAY:R-HSA-9846298	7	3	29	Defective binding of VWF variant to GPIb:IX:V	0.42857142857142855
PATHWAY:R-HSA-844456	33	3	25	The NLRP3 inflammasome	0.09090909090909091
PATHWAY:R-HSA-5654227	30	3	11	Phospholipase C-mediated cascade; FGFR3	0.1
PATHWAY:R-HSA-879415	24	3	25	Advanced glycosylation endproduct receptor signaling	0.125
PATHWAY:R-HSA-392851	9	3	256	Prostacyclin signalling through prostacyclin receptor	0.3333333333333333
PATHWAY:R-HSA-444473	13	3	25	Formyl peptide receptors bind formyl peptides and many other ligands	0.23076923076923078
PATHWAY:R-HSA-2672351	28	3	75	Stimuli-sensing channels	0.10714285714285714
PATHWAY:R-HSA-400511	24	3	68	Synthesis, secretion, and inactivation of Glucose-dependent Insulinotropic Polypeptide (GIP)	0.125
PATHWAY:R-HSA-4551638	12	3	15	SUMOylation of chromatin organization proteins	0.25
PATHWAY:R-HSA-9764725	25	3	15	Negative Regulation of CDH1 Gene Transcription	0.12
PATHWAY:R-HSA-5687128	34	3	195	MAPK6/MAPK4 signaling	0.08823529411764706
PATHWAY:R-HSA-5682910	9	3	742	LGI-ADAM interactions	0.3333333333333333
PATHWAY:R-HSA-9657689	8	3	23	Defective SERPING1 causes hereditary angioedema	0.375
PATHWAY:R-HSA-9843940	12	3	15	Regulation of endogenous retroelements by KRAB-ZFP proteins	0.25
PATHWAY:R-HSA-9845621	7	3	29	Defective VWF cleavage by ADAMTS13 variant	0.42857142857142855
PATHWAY:R-HSA-1660499	58	3	45	Synthesis of PIPs at the plasma membrane	0.05172413793103448
PATHWAY:R-HSA-2033515	24	3	11	t(4;14) translocations of FGFR3	0.125
PATHWAY:R-HSA-173107	33	3	62	Binding and entry of HIV virion	0.09090909090909091
PATHWAY:R-HSA-9818027	10	3	47	NFE2L2 regulating anti-oxidant/detoxification enzymes	0.3
PATHWAY:R-HSA-6806664	7	3	56	Metabolism of vitamin K	0.42857142857142855
PATHWAY:R-HSA-5620922	15	3	24	BBSome-mediated cargo-targeting to cilium	0.2
PATHWAY:R-HSA-9022537	12	3	15	Loss of MECP2 binding ability to the NCoR/SMRT complex	0.25
PATHWAY:R-HSA-5607761	17	3	185	Dectin-1 mediated noncanonical NF-kB signaling	0.17647058823529413
PATHWAY:R-HSA-375281	38	3	3	Hormone ligand-binding receptors	0.07894736842105263
PATHWAY:R-HSA-209968	3	3	10	Thyroxine biosynthesis	1.0
PATHWAY:R-HSA-2682334	20	3	115	EPH-Ephrin signaling	0.15
PATHWAY:R-HSA-73762	22	3	15	RNA Polymerase I Transcription Initiation	0.13636363636363635
PATHWAY:R-HSA-389397	9	3	31	Orexin and neuropeptides FF and QRFP bind to their respective receptors	0.3333333333333333
PATHWAY:R-HSA-9726842	18	3	159	Gain-of-function MRAS complexes activate RAF signaling	0.16666666666666666
PATHWAY:R-HSA-194002	16	3	10	Glucocorticoid biosynthesis	0.1875
PATHWAY:R-HSA-9022538	12	3	15	Loss of MECP2 binding ability to 5mC-DNA	0.25
PATHWAY:R-HSA-1839130	30	3	11	Signaling by activated point mutants of FGFR3	0.1
PATHWAY:R-HSA-381771	25	3	68	Synthesis, secretion, and inactivation of Glucagon-like Peptide-1 (GLP-1)	0.12
PATHWAY:R-HSA-190371	29	3	11	FGFR3b ligand binding and activation	0.10344827586206896
PATHWAY:R-HSA-3214815	13	3	15	HDACs deacetylate histones	0.23076923076923078
PATHWAY:R-HSA-3371453	23	3	54	Regulation of HSF1-mediated heat shock response	0.13043478260869565
PATHWAY:R-HSA-212300	4	2	130	PRC2 methylates histones and DNA	0.5
PATHWAY:R-HSA-2428928	22	2	35	IRS-related events triggered by IGF1R	0.09090909090909091
PATHWAY:R-HSA-2404192	22	2	35	Signaling by Type 1 Insulin-like Growth Factor 1 Receptor (IGF1R)	0.09090909090909091
PATHWAY:R-HSA-8942233	4	2	31	Intestinal infectious diseases	0.5
PATHWAY:R-HSA-8964038	12	2	184	LDL clearance	0.16666666666666666
PATHWAY:R-HSA-9925561	3	2	20	Developmental Lineage of Pancreatic Acinar Cells	0.6666666666666666
PATHWAY:R-HSA-5686938	23	2	106	Regulation of TLR by endogenous ligand	0.08695652173913043
PATHWAY:R-HSA-9026286	8	2	319	Biosynthesis of DPAn-3-derived protectins and resolvins	0.25
PATHWAY:R-HSA-975155	20	2	106	MyD88 dependent cascade initiated on endosome	0.1
PATHWAY:R-HSA-6804115	8	2	50	TP53 regulates transcription of additional cell cycle genes whose exact role in the p53 pathway remain uncertain	0.25
PATHWAY:R-HSA-9824856	11	2	106	Defective regulation of TLR7 by endogenous ligand	0.18181818181818182
PATHWAY:R-HSA-5635838	9	2	21	Activation of SMO	0.2222222222222222
PATHWAY:R-HSA-450520	9	2	30	HuR (ELAVL1) binds and stabilizes mRNA	0.2222222222222222
PATHWAY:R-HSA-975110	29	2	106	TRAF6 mediated IRF7 activation in TLR7/8 or 9 signaling	0.06896551724137931
PATHWAY:R-HSA-420029	6	2	21	Tight junction interactions	0.3333333333333333
PATHWAY:R-HSA-975138	21	2	106	TRAF6 mediated induction of NFkB and MAP kinases upon TLR7/8 or 9 activation	0.09523809523809523
PATHWAY:R-HSA-9759194	7	2	29	Nuclear events mediated by NFE2L2	0.2857142857142857
PATHWAY:R-HSA-9018896	9	2	319	Biosynthesis of E-series 18(S)-resolvins	0.2222222222222222
PATHWAY:R-HSA-1679131	27	2	106	Trafficking and processing of endosomal TLR	0.07407407407407407
PATHWAY:R-HSA-9020265	9	2	319	Biosynthesis of aspirin-triggered D-series resolvins	0.2222222222222222
PATHWAY:R-HSA-2142691	16	2	319	Synthesis of Leukotrienes (LT) and Eoxins (EX)	0.125
PATHWAY:R-HSA-168181	13	2	106	Toll Like Receptor 7/8 (TLR7/8) Cascade	0.15384615384615385
PATHWAY:R-HSA-173736	7	2	4	Alternative complement activation	0.2857142857142857
PATHWAY:R-HSA-8935690	4	2	31	Digestion	0.5
PATHWAY:R-HSA-9013148	41	2	104	CDC42 GTPase cycle	0.04878048780487805
PATHWAY:R-HSA-211981	4	2	103	Xenobiotics	0.5
PATHWAY:R-HSA-1169092	3	2	5	Activation of RAS in B cells	0.6666666666666666
PATHWAY:R-HSA-389359	12	2	364	CD28 dependent Vav1 pathway	0.16666666666666666
PATHWAY:R-HSA-5654228	22	2	9	Phospholipase C-mediated cascade; FGFR4	0.09090909090909091
PATHWAY:R-HSA-189085	4	2	15	Digestion of dietary carbohydrate	0.5
PATHWAY:R-HSA-74259	9	2	252	Purine catabolism	0.2222222222222222
PATHWAY:R-HSA-190322	22	2	9	FGFR4 ligand binding and activation	0.09090909090909091
PATHWAY:R-HSA-8851680	6	2	252	Butyrophilin (BTN) family interactions	0.3333333333333333
PATHWAY:R-HSA-5654733	38	2	9	Negative regulation of FGFR4 signaling	0.05263157894736842
PATHWAY:R-HSA-9927354	60	2	40	Co-stimulation by ICOS	0.03333333333333333
PATHWAY:R-HSA-500753	7	2	447	Pyrimidine biosynthesis	0.2857142857142857
PATHWAY:R-HSA-8866427	25	2	184	VLDLR internalisation and degradation	0.08
PATHWAY:R-HSA-112412	3	2	5	SOS-mediated signalling	0.6666666666666666
PATHWAY:R-HSA-9753510	3	2	5	Signaling by RAS GAP mutants	0.6666666666666666
PATHWAY:R-HSA-211945	6	2	103	Phase I - Functionalization of compounds	0.3333333333333333
PATHWAY:R-HSA-74751	33	2	5	Insulin receptor signalling cascade	0.06060606060606061
PATHWAY:R-HSA-6802953	3	2	5	RAS signaling downstream of NF1 loss-of-function variants	0.6666666666666666
PATHWAY:R-HSA-9753512	3	2	5	Signaling by RAS GTPase mutants	0.6666666666666666
PATHWAY:R-HSA-380095	22	2	84	Tachykinin receptors bind tachykinins	0.09090909090909091
PATHWAY:R-HSA-2408550	5	2	43	Metabolism of ingested H2SeO4 and H2SeO3 into H2Se	0.4
PATHWAY:R-HSA-9818030	8	2	172	NFE2L2 regulating tumorigenic genes	0.25
PATHWAY:R-HSA-420499	32	2	175	Class C/3 (Metabotropic glutamate/pheromone receptors)	0.0625
PATHWAY:R-HSA-5621480	47	2	48	Dectin-2 family	0.0425531914893617
PATHWAY:R-HSA-5579017	4	2	8	Defective CYP11B1 causes AH4	0.5
PATHWAY:R-HSA-380108	48	2	10	Chemokine receptors bind chemokines	0.041666666666666664
PATHWAY:R-HSA-9664535	6	2	30	LTC4-CYSLTR mediated IL4 production	0.3333333333333333
PATHWAY:R-HSA-391906	8	2	30	Leukotriene receptors	0.25
PATHWAY:R-HSA-156581	4	2	25	Methylation	0.5
PATHWAY:R-HSA-1307965	19	2	9	betaKlotho-mediated ligand binding	0.10526315789473684
PATHWAY:R-HSA-9026403	8	2	319	Biosynthesis of DPAn-3-derived 13-series resolvins	0.25
PATHWAY:R-HSA-9026290	9	2	319	Biosynthesis of DPAn-3-derived maresins	0.2222222222222222
PATHWAY:R-HSA-5579012	14	2	6	Defective MAOA causes BRUNS	0.14285714285714285
PATHWAY:R-HSA-9023661	9	2	319	Biosynthesis of E-series 18(R)-resolvins	0.2222222222222222
PATHWAY:R-HSA-2142688	11	2	319	Synthesis of 5-eicosatetraenoic acids	0.18181818181818182
PATHWAY:R-HSA-9018682	10	2	319	Biosynthesis of maresins	0.2
PATHWAY:R-HSA-9018676	9	2	319	Biosynthesis of D-series resolvins	0.2222222222222222
PATHWAY:R-HSA-9818025	9	2	5	NFE2L2 regulating TCA cycle genes	0.2222222222222222
PATHWAY:R-HSA-71384	5	2	9	Ethanol oxidation	0.4
PATHWAY:R-HSA-9960519	9	2	77	CASP4-mediated substrate cleavage	0.2222222222222222
PATHWAY:R-HSA-5660668	9	2	77	CLEC7A/inflammasome pathway	0.2222222222222222
PATHWAY:R-HSA-9960525	9	2	77	CASP5-mediated substrate cleavage	0.2222222222222222
PATHWAY:R-HSA-2142700	12	2	319	Biosynthesis of Lipoxins (LX)	0.16666666666666666
PATHWAY:R-HSA-5676594	34	2	256	TNF receptor superfamily (TNFSF) members mediating non-canonical NF-kB pathway	0.058823529411764705
PATHWAY:R-HSA-392170	13	2	158	ADP signalling through P2Y purinoceptor 12	0.15384615384615385
PATHWAY:R-HSA-417957	15	2	158	P2Y receptors	0.13333333333333333
PATHWAY:R-HSA-448706	13	2	77	Interleukin-1 processing	0.15384615384615385
PATHWAY:R-HSA-166016	10	2	21	Toll Like Receptor 4 (TLR4) Cascade	0.2
PATHWAY:R-HSA-1839128	17	2	9	FGFR4 mutant receptor activation	0.11764705882352941
PATHWAY:R-HSA-112311	24	2	75	Neurotransmitter clearance	0.08333333333333333
PATHWAY:R-HSA-9749641	9	2	176	Aspirin ADME	0.2222222222222222
PATHWAY:R-HSA-1483191	27	2	75	Synthesis of PC	0.07407407407407407
PATHWAY:R-HSA-422085	28	2	75	Synthesis, secretion, and deacylation of Ghrelin	0.07142857142857142
PATHWAY:R-HSA-3899300	3	2	50	SUMOylation of transcription cofactors	0.6666666666666666
PATHWAY:R-HSA-5693616	18	2	183	Presynaptic phase of homologous DNA pairing and strand exchange	0.1111111111111111
PATHWAY:R-HSA-450408	17	2	183	AUF1 (hnRNP D0) binds and destabilizes mRNA	0.11764705882352941
PATHWAY:R-HSA-9701192	5	2	183	Defective homologous recombination repair (HRR) due to BRCA1 loss of function	0.4
PATHWAY:R-HSA-9709275	5	2	183	Impaired BRCA2 translocation to the nucleus	0.4
PATHWAY:R-HSA-8948216	4	2	26	Collagen chain trimerization	0.5
PATHWAY:R-HSA-3371571	39	2	26	HSF1-dependent transactivation	0.05128205128205128
PATHWAY:R-HSA-532668	14	2	183	N-glycan trimming in the ER and Calnexin/Calreticulin cycle	0.14285714285714285
PATHWAY:R-HSA-180534	25	2	183	Vpu mediated degradation of CD4	0.08
PATHWAY:R-HSA-418886	14	2	45	Netrin mediated repulsion signals	0.14285714285714285
PATHWAY:R-HSA-9696273	32	2	81	RND1 GTPase cycle	0.0625
PATHWAY:R-HSA-418592	50	2	45	ADP signalling through P2Y purinoceptor 1	0.04
PATHWAY:R-HSA-8876493	23	2	45	InlA-mediated entry of Listeria monocytogenes into host cells	0.08695652173913043
PATHWAY:R-HSA-418885	20	2	45	DCC mediated attractive signaling	0.1
PATHWAY:R-HSA-428542	13	2	45	Regulation of commissural axon pathfinding by SLIT and ROBO	0.15384615384615385
PATHWAY:R-HSA-191650	13	2	45	Regulation of gap junction activity	0.15384615384615385
PATHWAY:R-HSA-9912633	6	2	183	Antigen processing: Ub, ATP-independent proteasomal degradation	0.3333333333333333
PATHWAY:R-HSA-4608870	17	2	183	Asymmetric localization of PCP proteins	0.11764705882352941
PATHWAY:R-HSA-9735871	8	2	183	SARS-CoV-1 targets host intracellular signalling and regulatory pathways	0.25
PATHWAY:R-HSA-2214320	4	2	26	Anchoring fibril formation	0.5
PATHWAY:R-HSA-2173788	17	2	15	Downregulation of TGF-beta receptor signaling	0.11764705882352941
PATHWAY:R-HSA-3371568	13	2	26	Attenuation phase	0.15384615384615385
PATHWAY:R-HSA-9704646	5	2	183	Defective HDR through Homologous Recombination Repair (HRR) due to PALB2 loss of BRCA2/RAD51/RAD51C binding function	0.4
PATHWAY:R-HSA-350562	8	2	183	Regulation of ornithine decarboxylase (ODC)	0.25
PATHWAY:R-HSA-5576894	7	2	14	Phase 1 - inactivation of fast Na+ channels	0.2857142857142857
PATHWAY:R-HSA-9662361	8	2	14	Sensory processing of sound by outer hair cells of the cochlea	0.25
PATHWAY:R-HSA-111465	31	2	23	Apoptotic cleavage of cellular proteins	0.06451612903225806
PATHWAY:R-HSA-5693568	5	2	183	Resolution of D-loop Structures through Holliday Junction Intermediates	0.4
PATHWAY:R-HSA-5668599	51	2	88	RHO GTPases Activate NADPH Oxidases	0.0392156862745098
PATHWAY:R-HSA-349425	21	2	183	Autodegradation of the E3 ubiquitin ligase COP1	0.09523809523809523
PATHWAY:R-HSA-174178	47	2	183	APC/C:Cdh1 mediated degradation of Cdc20 and other APC/C:Cdh1 targeted proteins in late mitosis/early G1	0.0425531914893617
PATHWAY:R-HSA-5693579	5	2	183	Homologous DNA Pairing and Strand Exchange	0.4
PATHWAY:R-HSA-5689901	15	2	183	Metalloprotease DUBs	0.13333333333333333
PATHWAY:R-HSA-2243919	5	2	26	Crosslinking of collagen fibrils	0.4
PATHWAY:R-HSA-5358346	18	2	183	Hedgehog ligand biogenesis	0.1111111111111111
PATHWAY:R-HSA-174113	15	2	183	SCF-beta-TrCP mediated degradation of Emi1	0.13333333333333333
PATHWAY:R-HSA-373760	3	2	13	L1CAM interactions	0.6666666666666666
PATHWAY:R-HSA-5693554	5	2	183	Resolution of D-loop Structures through Synthesis-Dependent Strand Annealing (SDSA)	0.4
PATHWAY:R-HSA-8934903	14	2	45	Receptor Mediated Mitophagy	0.14285714285714285
PATHWAY:R-HSA-391160	23	2	45	Signal regulatory protein family interactions	0.08695652173913043
PATHWAY:R-HSA-111957	4	2	17	Cam-PDE 1 activation	0.5
PATHWAY:R-HSA-264876	6	2	11	Insulin processing	0.3333333333333333
PATHWAY:R-HSA-3299685	11	2	43	Detoxification of Reactive Oxygen Species	0.18181818181818182
PATHWAY:R-HSA-9824585	56	2	6	Regulation of MITF-M-dependent genes involved in pigmentation	0.03571428571428571
PATHWAY:R-HSA-8941284	10	2	10	RUNX2 regulates chondrocyte maturation	0.2
PATHWAY:R-HSA-196807	8	2	136	Nicotinate metabolism	0.25
PATHWAY:R-HSA-5694530	38	2	225	Cargo concentration in the ER	0.05263157894736842
PATHWAY:R-HSA-399710	15	2	225	Activation of AMPA receptors	0.13333333333333333
PATHWAY:R-HSA-450604	52	2	71	KSRP (KHSRP) binds and destabilizes mRNA	0.038461538461538464
PATHWAY:R-HSA-204005	38	2	225	COPII-mediated vesicle transport	0.05263157894736842
PATHWAY:R-HSA-111447	20	2	169	Activation of BAD and translocation to mitochondria 	0.1
PATHWAY:R-HSA-8849469	26	2	12	PTK6 Regulates RTKs and Their Effectors AKT1 and DOK1	0.07692307692307693
PATHWAY:R-HSA-198323	28	2	29	AKT phosphorylates targets in the cytosol	0.07142857142857142
PATHWAY:R-HSA-5674400	57	2	29	Constitutive Signaling by AKT1 E17K in Cancer	0.03508771929824561
PATHWAY:R-HSA-68867	15	2	183	Assembly of the pre-replicative complex	0.13333333333333333
PATHWAY:R-HSA-1650814	7	2	26	Collagen biosynthesis and modifying enzymes	0.2857142857142857
PATHWAY:R-HSA-1236978	8	2	183	Cross-presentation of soluble exogenous antigens (endosomes)	0.25
PATHWAY:R-HSA-4641257	16	2	183	Degradation of AXIN	0.125
PATHWAY:R-HSA-9013424	31	2	81	RHOV GTPase cycle	0.06451612903225806
PATHWAY:R-HSA-3928664	16	2	45	Ephrin signaling	0.125
PATHWAY:R-HSA-5250981	5	2	285	Toxicity of botulinum toxin type F (botF)	0.4
PATHWAY:R-HSA-69017	30	2	183	CDK-mediated phosphorylation and removal of Cdc6	0.06666666666666667
PATHWAY:R-HSA-5250992	12	2	285	Toxicity of botulinum toxin type E (botE)	0.16666666666666666
PATHWAY:R-HSA-5362768	15	2	183	Hh mutants are degraded by ERAD	0.13333333333333333
PATHWAY:R-HSA-174184	28	2	183	Cdc20:Phospho-APC/C mediated degradation of Cyclin A	0.07142857142857142
PATHWAY:R-HSA-9709570	9	2	183	Impaired BRCA2 binding to RAD51	0.2222222222222222
PATHWAY:R-HSA-9907900	6	2	183	Proteasome assembly	0.3333333333333333
PATHWAY:R-HSA-174154	15	2	183	APC/C:Cdc20 mediated degradation of Securin	0.13333333333333333
PATHWAY:R-HSA-5250955	5	2	285	Toxicity of botulinum toxin type D (botD)	0.4
PATHWAY:R-HSA-9704331	5	2	183	Defective HDR through Homologous Recombination Repair (HRR) due to PALB2 loss of BRCA1 binding function	0.4
PATHWAY:R-HSA-5250968	12	2	285	Toxicity of botulinum toxin type A (botA)	0.16666666666666666
PATHWAY:R-HSA-211733	15	2	183	Regulation of activated PAK-2p34 by proteasome mediated degradation	0.13333333333333333
PATHWAY:R-HSA-9638630	19	2	26	Attachment of bacteria to epithelial cells	0.10526315789473684
PATHWAY:R-HSA-9763198	5	2	183	Impaired BRCA2 binding to SEM1 (DSS1)	0.4
PATHWAY:R-HSA-9031525	15	2	31	NR1H2 & NR1H3 regulate gene expression to limit cholesterol uptake 	0.13333333333333333
PATHWAY:R-HSA-192105	17	2	31	Synthesis of bile acids and bile salts	0.11764705882352941
PATHWAY:R-HSA-193368	17	2	31	Synthesis of bile acids and bile salts via 7alpha-hydroxycholesterol	0.11764705882352941
PATHWAY:R-HSA-193807	17	2	31	Synthesis of bile acids and bile salts via 27-hydroxycholesterol	0.11764705882352941
PATHWAY:R-HSA-9031528	15	2	31	NR1H2 & NR1H3 regulate gene expression linked to triglyceride lipolysis in adipose	0.13333333333333333
PATHWAY:R-HSA-1566948	22	2	142	Elastic fibre formation	0.09090909090909091
PATHWAY:R-HSA-200425	28	2	31	Carnitine shuttle	0.07142857142857142
PATHWAY:R-HSA-1912408	18	2	56	Pre-NOTCH Transcription and Translation	0.1111111111111111
PATHWAY:R-HSA-5336415	24	2	5	Uptake and function of diphtheria toxin	0.08333333333333333
PATHWAY:R-HSA-9632974	14	2	31	NR1H2 & NR1H3 regulate gene expression linked to gluconeogenesis 	0.14285714285714285
PATHWAY:R-HSA-9755088	5	2	11	Ribavirin ADME	0.4
PATHWAY:R-HSA-9623433	15	2	31	NR1H2 & NR1H3 regulate gene expression to control bile acid homeostasis	0.13333333333333333
PATHWAY:R-HSA-9029558	16	2	31	NR1H2 & NR1H3 regulate gene expression linked to lipogenesis	0.125
PATHWAY:R-HSA-69481	21	2	183	G2/M Checkpoints	0.09523809523809523
PATHWAY:R-HSA-390522	8	2	10	Striated Muscle Contraction	0.25
PATHWAY:R-HSA-174084	15	2	183	Autodegradation of Cdh1 by Cdh1:APC/C	0.13333333333333333
PATHWAY:R-HSA-163765	8	2	7	ChREBP activates metabolic gene expression	0.25
